State,StateAbbr,Lender,Industry,Bureau,Datapoints,DataSet,Source,Period
Alabama,AL,JPMorgan Chase (Chase Card Services),Major Banks & Card Issuers,Equifax,1,Original list,Original inquiry list,n/a
Alabama,AL,JPMorgan Chase (Chase Card Services),Major Banks & Card Issuers,Experian,1,Original list,Original inquiry list,n/a
Arizona,AZ,American Express,Major Banks & Card Issuers,Experian,1,Original list,Original inquiry list,n/a
Arizona,AZ,American Express,Major Banks & Card Issuers,TransUnion,1,Original list,Original inquiry list,n/a
Arizona,AZ,"Mortgage credit report resellers (Credit Plus, Factual Data, CIC Credit, Credco, Advantage Credit, Equifax Mortgage Solutions, CIS, United One Resources, Informative Research, Covius, Funding Suite, American Reporting)",Credit Report Resellers & Screening (Not Lenders),Experian,1,Original list,Original inquiry list,n/a
Arizona,AZ,"Mortgage credit report resellers (Credit Plus, Factual Data, CIC Credit, Credco, Advantage Credit, Equifax Mortgage Solutions, CIS, United One Resources, Informative Research, Covius, Funding Suite, American Reporting)",Credit Report Resellers & Screening (Not Lenders),Equifax,1,Original list,Original inquiry list,n/a
Arizona,AZ,"Mortgage credit report resellers (Credit Plus, Factual Data, CIC Credit, Credco, Advantage Credit, Equifax Mortgage Solutions, CIS, United One Resources, Informative Research, Covius, Funding Suite, American Reporting)",Credit Report Resellers & Screening (Not Lenders),TransUnion,1,Original list,Original inquiry list,n/a
Arizona,AZ,Capital One,Major Banks & Card Issuers,TransUnion,1,Original list,Original inquiry list,n/a
Arizona,AZ,Capital One,Major Banks & Card Issuers,Equifax,1,Original list,Original inquiry list,n/a
Arizona,AZ,Capital One,Major Banks & Card Issuers,Experian,1,Original list,Original inquiry list,n/a
Arizona,AZ,Capital One,Major Banks & Card Issuers,Experian,1,Original list,Original inquiry list,n/a
Arizona,AZ,JPMorgan Chase (Chase Card Services),Major Banks & Card Issuers,Experian,1,Original list,Original inquiry list,n/a
Arizona,AZ,Citibank (Citi Cards / CBNA),Major Banks & Card Issuers,Experian,1,Original list,Original inquiry list,n/a
Arizona,AZ,Discover (now part of Capital One),Major Banks & Card Issuers,Experian,1,Original list,Original inquiry list,n/a
Arizona,AZ,Elan Financial Services (U.S. Bank subsidiary),Major Banks & Card Issuers,TransUnion,1,Original list,Original inquiry list,n/a
Arizona,AZ,"Mortgage credit report resellers (Credit Plus, Factual Data, CIC Credit, Credco, Advantage Credit, Equifax Mortgage Solutions, CIS, United One Resources, Informative Research, Covius, Funding Suite, American Reporting)",Credit Report Resellers & Screening (Not Lenders),Experian,1,Original list,Original inquiry list,n/a
Arizona,AZ,"Mortgage credit report resellers (Credit Plus, Factual Data, CIC Credit, Credco, Advantage Credit, Equifax Mortgage Solutions, CIS, United One Resources, Informative Research, Covius, Funding Suite, American Reporting)",Credit Report Resellers & Screening (Not Lenders),TransUnion,1,Original list,Original inquiry list,n/a
Arizona,AZ,SchoolsFirst FCU,Credit Unions,Experian,1,Original list,Original inquiry list,n/a
Arizona,AZ,U.S. Bank,Major Banks & Card Issuers,TransUnion,1,Original list,Original inquiry list,n/a
Arizona,AZ,SBA Office of Disaster Assistance (EIDL and disaster loans),"SBA, CDFI & Microlenders",Experian,1,Original list,Original inquiry list,n/a
Arizona,AZ,Wells Fargo (Card Services),Major Banks & Card Issuers,Experian,1,Original list,Original inquiry list,n/a
Arizona,AZ,Wells Fargo Business Direct (WFB BD CRE),Major Banks & Card Issuers,Experian,1,Original list,Original inquiry list,n/a
California,CA,Ally Financial,Auto Finance,Experian,1,Original list,Original inquiry list,n/a
California,CA,Ally Financial,Auto Finance,Equifax,1,Original list,Original inquiry list,n/a
California,CA,"Mortgage credit report resellers (Credit Plus, Factual Data, CIC Credit, Credco, Advantage Credit, Equifax Mortgage Solutions, CIS, United One Resources, Informative Research, Covius, Funding Suite, American Reporting)",Credit Report Resellers & Screening (Not Lenders),Experian,1,Original list,Original inquiry list,n/a
California,CA,"Mortgage credit report resellers (Credit Plus, Factual Data, CIC Credit, Credco, Advantage Credit, Equifax Mortgage Solutions, CIS, United One Resources, Informative Research, Covius, Funding Suite, American Reporting)",Credit Report Resellers & Screening (Not Lenders),Equifax,1,Original list,Original inquiry list,n/a
California,CA,"Mortgage credit report resellers (Credit Plus, Factual Data, CIC Credit, Credco, Advantage Credit, Equifax Mortgage Solutions, CIS, United One Resources, Informative Research, Covius, Funding Suite, American Reporting)",Credit Report Resellers & Screening (Not Lenders),TransUnion,1,Original list,Original inquiry list,n/a
California,CA,Alliant Credit Union,Credit Unions,TransUnion,1,Original list,Original inquiry list,n/a
California,CA,"Apple Card (Goldman Sachs Bank USA, moving to Chase)",Major Banks & Card Issuers,TransUnion,1,Original list,Original inquiry list,n/a
California,CA,Bank of America,Major Banks & Card Issuers,Experian,1,Original list,Original inquiry list,n/a
California,CA,Bank of America,Major Banks & Card Issuers,TransUnion,1,Original list,Original inquiry list,n/a
California,CA,Bank of Stockton,Regional & Community Banks,Experian,1,Original list,Original inquiry list,n/a
California,CA,Barclays Bank Delaware,Major Banks & Card Issuers,TransUnion,1,Original list,Original inquiry list,n/a
California,CA,"Unidentified names (Campora, Stinson Enterprises, Scott Stark Enterprise, The Culs, Team LOC 697, DSg Design, LFGFinance, SouthernCA, 1st Natl Bank)",Other / Non-Lender Inquiries,TransUnion,1,Original list,Original inquiry list,n/a
California,CA,Carmel Financial,Specialty Consumer Finance,TransUnion,1,Original list,Original inquiry list,n/a
California,CA,Capital One,Major Banks & Card Issuers,Equifax,1,Original list,Original inquiry list,n/a
California,CA,Capital One,Major Banks & Card Issuers,TransUnion,1,Original list,Original inquiry list,n/a
California,CA,Capital One Auto Finance (COAF),Auto Finance,Experian,1,Original list,Original inquiry list,n/a
California,CA,Capital One Auto Finance (COAF),Auto Finance,TransUnion,1,Original list,Original inquiry list,n/a
California,CA,Capital One,Major Banks & Card Issuers,Equifax,1,Original list,Original inquiry list,n/a
California,CA,Capital One,Major Banks & Card Issuers,Experian,1,Original list,Original inquiry list,n/a
California,CA,Citibank (Citi Cards / CBNA),Major Banks & Card Issuers,Equifax,1,Original list,Original inquiry list,n/a
California,CA,"Citi Retail Services (Home Depot THD, Macy's DSNB, NTB, Best Buy and others)",Retail / Store Card Issuers,Experian,1,Original list,Original inquiry list,n/a
California,CA,Chase Auto Finance,Auto Finance,TransUnion,1,Original list,Original inquiry list,n/a
California,CA,JPMorgan Chase (Chase Card Services),Major Banks & Card Issuers,Experian,1,Original list,Original inquiry list,n/a
California,CA,JPMorgan Chase (Chase Card Services),Major Banks & Card Issuers,TransUnion,1,Original list,Original inquiry list,n/a
California,CA,JPMorgan Chase (Chase Card Services),Major Banks & Card Issuers,Equifax,1,Original list,Original inquiry list,n/a
California,CA,"Citizens Bank (Citizens One, formerly RBS Citizens)",Regional & Community Banks,TransUnion,1,Original list,Original inquiry list,n/a
California,CA,Citizens One Auto Finance,Auto Finance,Equifax,1,Original list,Original inquiry list,n/a
California,CA,Capital One Auto Finance (COAF),Auto Finance,TransUnion,1,Original list,Original inquiry list,n/a
California,CA,"Mortgage credit report resellers (Credit Plus, Factual Data, CIC Credit, Credco, Advantage Credit, Equifax Mortgage Solutions, CIS, United One Resources, Informative Research, Covius, Funding Suite, American Reporting)",Credit Report Resellers & Screening (Not Lenders),Experian,1,Original list,Original inquiry list,n/a
California,CA,"Mortgage credit report resellers (Credit Plus, Factual Data, CIC Credit, Credco, Advantage Credit, Equifax Mortgage Solutions, CIS, United One Resources, Informative Research, Covius, Funding Suite, American Reporting)",Credit Report Resellers & Screening (Not Lenders),TransUnion,1,Original list,Original inquiry list,n/a
California,CA,"Mortgage credit report resellers (Credit Plus, Factual Data, CIC Credit, Credco, Advantage Credit, Equifax Mortgage Solutions, CIS, United One Resources, Informative Research, Covius, Funding Suite, American Reporting)",Credit Report Resellers & Screening (Not Lenders),Experian,1,Original list,Original inquiry list,n/a
California,CA,"Mortgage credit report resellers (Credit Plus, Factual Data, CIC Credit, Credco, Advantage Credit, Equifax Mortgage Solutions, CIS, United One Resources, Informative Research, Covius, Funding Suite, American Reporting)",Credit Report Resellers & Screening (Not Lenders),Experian,1,Original list,Original inquiry list,n/a
California,CA,Credit One Bank,Subprime & Credit-Builder Products,Experian,1,Original list,Original inquiry list,n/a
California,CA,"Mortgage credit report resellers (Credit Plus, Factual Data, CIC Credit, Credco, Advantage Credit, Equifax Mortgage Solutions, CIS, United One Resources, Informative Research, Covius, Funding Suite, American Reporting)",Credit Report Resellers & Screening (Not Lenders),Equifax,1,Original list,Original inquiry list,n/a
California,CA,"Mortgage credit report resellers (Credit Plus, Factual Data, CIC Credit, Credco, Advantage Credit, Equifax Mortgage Solutions, CIS, United One Resources, Informative Research, Covius, Funding Suite, American Reporting)",Credit Report Resellers & Screening (Not Lenders),TransUnion,1,Original list,Original inquiry list,n/a
California,CA,"Mortgage credit report resellers (Credit Plus, Factual Data, CIC Credit, Credco, Advantage Credit, Equifax Mortgage Solutions, CIS, United One Resources, Informative Research, Covius, Funding Suite, American Reporting)",Credit Report Resellers & Screening (Not Lenders),Experian,1,Original list,Original inquiry list,n/a
California,CA,Capital One,Major Banks & Card Issuers,TransUnion,1,Original list,Original inquiry list,n/a
California,CA,Capital One,Major Banks & Card Issuers,Experian,1,Original list,Original inquiry list,n/a
California,CA,Elan Financial Services (U.S. Bank subsidiary),Major Banks & Card Issuers,TransUnion,1,Original list,Original inquiry list,n/a
California,CA,Fifth Third Bank,Regional & Community Banks,TransUnion,1,Original list,Original inquiry list,n/a
California,CA,"Mortgage credit report resellers (Credit Plus, Factual Data, CIC Credit, Credco, Advantage Credit, Equifax Mortgage Solutions, CIS, United One Resources, Informative Research, Covius, Funding Suite, American Reporting)",Credit Report Resellers & Screening (Not Lenders),Equifax,1,Original list,Original inquiry list,n/a
California,CA,GM Financial,Auto Finance,TransUnion,1,Original list,Original inquiry list,n/a
California,CA,Huntington National Bank,Regional & Community Banks,Equifax,1,Original list,Original inquiry list,n/a
California,CA,KeyBank,Regional & Community Banks,Experian,1,Original list,Original inquiry list,n/a
California,CA,LightStream (Truist),Personal Loans (Prime & Near-Prime),TransUnion,1,Original list,Original inquiry list,n/a
California,CA,LoanMe (ceased lending),Subprime Installment & Cash Advance,Experian,1,Original list,Original inquiry list,n/a
California,CA,MAJR Financial,Auto Finance,Experian,1,Original list,Original inquiry list,n/a
California,CA,M&T Bank,Regional & Community Banks,Experian,1,Original list,Original inquiry list,n/a
California,CA,M&T Bank,Regional & Community Banks,Experian,1,Original list,Original inquiry list,n/a
California,CA,"Auto dealers in your list (Modesto Toyota, Sierra Motors, Brown Honda, Prime Motor, Mall of Georgia, Northtowne, Lithia VW, South Point)",Auto Finance,TransUnion,1,Original list,Original inquiry list,n/a
California,CA,"Tenant screening (National Tenant Network, RentGrow, Checkpoint Screening / Check-Point)",Credit Report Resellers & Screening (Not Lenders),Experian,1,Original list,Original inquiry list,n/a
California,CA,Navy Federal Credit Union,Credit Unions,Equifax,1,Original list,Original inquiry list,n/a
California,CA,Navy Federal Credit Union,Credit Unions,TransUnion,1,Original list,Original inquiry list,n/a
California,CA,Navy Federal Credit Union,Credit Unions,Experian,1,Original list,Original inquiry list,n/a
California,CA,"Auto dealers in your list (Modesto Toyota, Sierra Motors, Brown Honda, Prime Motor, Mall of Georgia, Northtowne, Lithia VW, South Point)",Auto Finance,TransUnion,1,Original list,Original inquiry list,n/a
California,CA,Westlake Financial (Nowcom),Auto Finance,Experian,1,Original list,Original inquiry list,n/a
California,CA,Westlake Financial (Nowcom),Auto Finance,Experian,1,Original list,Original inquiry list,n/a
California,CA,"Citi Retail Services (Home Depot THD, Macy's DSNB, NTB, Best Buy and others)",Retail / Store Card Issuers,Equifax,1,Original list,Original inquiry list,n/a
California,CA,Octane Lending (Roadrunner Financial),Specialty Consumer Finance,Experian,1,Original list,Original inquiry list,n/a
California,CA,OneMain Financial,Subprime Installment & Cash Advance,Experian,1,Original list,Original inquiry list,n/a
California,CA,OneMain Financial,Subprime Installment & Cash Advance,TransUnion,1,Original list,Original inquiry list,n/a
California,CA,PNC Bank,Regional & Community Banks,Experian,1,Original list,Original inquiry list,n/a
California,CA,"Citizens Bank (Citizens One, formerly RBS Citizens)",Regional & Community Banks,Experian,1,Original list,Original inquiry list,n/a
California,CA,Santander Consumer USA,Auto Finance,Experian,1,Original list,Original inquiry list,n/a
California,CA,"Auto dealers in your list (Modesto Toyota, Sierra Motors, Brown Honda, Prime Motor, Mall of Georgia, Northtowne, Lithia VW, South Point)",Auto Finance,Experian,1,Original list,Original inquiry list,n/a
California,CA,SoFi,Personal Loans (Prime & Near-Prime),Experian,1,Original list,Original inquiry list,n/a
California,CA,"Starpoint Resort Group, LifeShield",Specialty Consumer Finance,Equifax,1,Original list,Original inquiry list,n/a
California,CA,"Unidentified names (Campora, Stinson Enterprises, Scott Stark Enterprise, The Culs, Team LOC 697, DSg Design, LFGFinance, SouthernCA, 1st Natl Bank)",Other / Non-Lender Inquiries,Equifax,1,Original list,Original inquiry list,n/a
California,CA,"Synchrony Bank (Amazon, PayPal, Lowe's, Old Navy, HSN, CareCredit and others)",Retail / Store Card Issuers,TransUnion,1,Original list,Original inquiry list,n/a
California,CA,TD Auto Finance,Auto Finance,TransUnion,1,Original list,Original inquiry list,n/a
California,CA,Golden 1 Credit Union,Credit Unions,Experian,1,Original list,Original inquiry list,n/a
California,CA,Toyota Motor Credit (Toyota Financial Services),Auto Finance,Experian,1,Original list,Original inquiry list,n/a
California,CA,Toyota Motor Credit (Toyota Financial Services),Auto Finance,Equifax,1,Original list,Original inquiry list,n/a
California,CA,U.S. Bank Dealer Services,Auto Finance,Experian,1,Original list,Original inquiry list,n/a
California,CA,Wells Fargo Business Direct (WFB BD CRE),Major Banks & Card Issuers,Experian,1,Original list,Original inquiry list,n/a
California,CA,"Wells Fargo Auto (WFDS, Wells Fargo Dealer Services)",Auto Finance,Experian,1,Original list,Original inquiry list,n/a
Colorado,CO,Bank of America,Major Banks & Card Issuers,TransUnion,1,Original list,Original inquiry list,n/a
Colorado,CO,"Synchrony Bank (Amazon, PayPal, Lowe's, Old Navy, HSN, CareCredit and others)",Retail / Store Card Issuers,Equifax,1,Original list,Original inquiry list,n/a
Colorado,CO,USAA (Federal Savings Bank / Savings Bank),Credit Unions,Experian,1,Original list,Original inquiry list,n/a
Delaware,DE,Ally Financial,Auto Finance,Experian,1,Original list,Original inquiry list,n/a
Delaware,DE,Ally Financial,Auto Finance,Equifax,1,Original list,Original inquiry list,n/a
Delaware,DE,Ally Financial,Auto Finance,TransUnion,1,Original list,Original inquiry list,n/a
Delaware,DE,Aqua Finance,Specialty Consumer Finance,TransUnion,1,Original list,Original inquiry list,n/a
Delaware,DE,Banco Popular (BPPR white label),Regional & Community Banks,TransUnion,1,Original list,Original inquiry list,n/a
Delaware,DE,"Capital One retail cards (Kohl's, Cabela's / Bass Pro)",Retail / Store Card Issuers,Equifax,1,Original list,Original inquiry list,n/a
Delaware,DE,Capital One,Major Banks & Card Issuers,Experian,1,Original list,Original inquiry list,n/a
Delaware,DE,LoanMe (ceased lending),Subprime Installment & Cash Advance,Experian,1,Original list,Original inquiry list,n/a
Delaware,DE,Capital One,Major Banks & Card Issuers,Experian,1,Original list,Original inquiry list,n/a
Delaware,DE,"Capital One retail cards (Kohl's, Cabela's / Bass Pro)",Retail / Store Card Issuers,Experian,1,Original list,Original inquiry list,n/a
Delaware,DE,"Capital One retail cards (Kohl's, Cabela's / Bass Pro)",Retail / Store Card Issuers,TransUnion,1,Original list,Original inquiry list,n/a
Delaware,DE,Discover (now part of Capital One),Major Banks & Card Issuers,Experian,1,Original list,Original inquiry list,n/a
Delaware,DE,Exeter Finance,Auto Finance,TransUnion,1,Original list,Original inquiry list,n/a
Delaware,DE,First Premier Bank,Subprime & Credit-Builder Products,Equifax,1,Original list,Original inquiry list,n/a
Delaware,DE,Affinity Federal Credit Union,Credit Unions,Experian,1,Original list,Original inquiry list,n/a
Delaware,DE,Mission Lane (issued by TAB Bank or WebBank),Subprime & Credit-Builder Products,TransUnion,1,Original list,Original inquiry list,n/a
Delaware,DE,OneMain Financial,Subprime Installment & Cash Advance,Experian,1,Original list,Original inquiry list,n/a
Delaware,DE,OneMain Financial,Subprime Installment & Cash Advance,Equifax,1,Original list,Original inquiry list,n/a
Delaware,DE,OneMain Financial,Subprime Installment & Cash Advance,TransUnion,1,Original list,Original inquiry list,n/a
Delaware,DE,"Synchrony Bank (Amazon, PayPal, Lowe's, Old Navy, HSN, CareCredit and others)",Retail / Store Card Issuers,Equifax,1,Original list,Original inquiry list,n/a
Delaware,DE,"Synchrony Bank (Amazon, PayPal, Lowe's, Old Navy, HSN, CareCredit and others)",Retail / Store Card Issuers,TransUnion,1,Original list,Original inquiry list,n/a
Delaware,DE,Santander Consumer USA,Auto Finance,Experian,1,Original list,Original inquiry list,n/a
Florida,FL,ACG Equipment Finance,Equipment Financing & Leasing,TransUnion,1,Original list,Original inquiry list,n/a
Florida,FL,American Express,Major Banks & Card Issuers,Experian,211,Original list,Original inquiry list,n/a
Florida,FL,American Express,Major Banks & Card Issuers,Equifax,37,Original list,Original inquiry list,n/a
Florida,FL,American Express,Major Banks & Card Issuers,TransUnion,25,Original list,Original inquiry list,n/a
Florida,FL,Bank of America,Major Banks & Card Issuers,Experian,37,Original list,Original inquiry list,n/a
Florida,FL,Bank of America,Major Banks & Card Issuers,Equifax,19,Original list,Original inquiry list,n/a
Florida,FL,Bank of America,Major Banks & Card Issuers,TransUnion,22,Original list,Original inquiry list,n/a
Florida,FL,Truist Bank (formerly SunTrust and BB&T),Regional & Community Banks,Equifax,1,Original list,Original inquiry list,n/a
Florida,FL,"BBVA USA (defunct, now PNC)",Regional & Community Banks,Experian,3,Original list,Original inquiry list,n/a
Florida,FL,"BBVA USA (defunct, now PNC)",Regional & Community Banks,TransUnion,6,Original list,Original inquiry list,n/a
Florida,FL,BMO (formerly BMO Harris),Regional & Community Banks,TransUnion,2,Original list,Original inquiry list,n/a
Florida,FL,Barclays Bank Delaware,Major Banks & Card Issuers,TransUnion,1,Original list,Original inquiry list,n/a
Florida,FL,Capital One,Major Banks & Card Issuers,Equifax,1,Original list,Original inquiry list,n/a
Florida,FL,Capital One,Major Banks & Card Issuers,TransUnion,1,Original list,Original inquiry list,n/a
Florida,FL,Capital One,Major Banks & Card Issuers,Experian,1,Original list,Original inquiry list,n/a
Florida,FL,Capital One,Major Banks & Card Issuers,Equifax,1,Original list,Original inquiry list,n/a
Florida,FL,Citibank (Citi Cards / CBNA),Major Banks & Card Issuers,Equifax,1,Original list,Original inquiry list,n/a
Florida,FL,JPMorgan Chase (Chase Card Services),Major Banks & Card Issuers,Experian,85,Original list,Original inquiry list,n/a
Florida,FL,JPMorgan Chase (Chase Card Services),Major Banks & Card Issuers,Equifax,73,Original list,Original inquiry list,n/a
Florida,FL,JPMorgan Chase (Chase Card Services),Major Banks & Card Issuers,TransUnion,25,Original list,Original inquiry list,n/a
Florida,FL,Citibank (Citi Cards / CBNA),Major Banks & Card Issuers,Experian,35,Original list,Original inquiry list,n/a
Florida,FL,Citibank (Citi Cards / CBNA),Major Banks & Card Issuers,Equifax,59,Original list,Original inquiry list,n/a
Florida,FL,Citibank (Citi Cards / CBNA),Major Banks & Card Issuers,TransUnion,13,Original list,Original inquiry list,n/a
Florida,FL,Credit One Bank,Subprime & Credit-Builder Products,Experian,1,Original list,Original inquiry list,n/a
Florida,FL,Interior Federal Credit Union (Dept of Interior FCU),Credit Unions,Equifax,1,Original list,Original inquiry list,n/a
Florida,FL,Discover (now part of Capital One),Major Banks & Card Issuers,Equifax,1,Original list,Original inquiry list,n/a
Florida,FL,Discover (now part of Capital One),Major Banks & Card Issuers,Experian,1,Original list,Original inquiry list,n/a
Florida,FL,Elan Financial Services (U.S. Bank subsidiary),Major Banks & Card Issuers,TransUnion,1,Original list,Original inquiry list,n/a
Florida,FL,First Premier Bank,Subprime & Credit-Builder Products,Equifax,1,Original list,Original inquiry list,n/a
Florida,FL,Flagship Credit Acceptance,Auto Finance,Equifax,1,Original list,Original inquiry list,n/a
Florida,FL,Flagship Credit Acceptance,Auto Finance,TransUnion,1,Original list,Original inquiry list,n/a
Florida,FL,First National Bank of Omaha (FNBO),Regional & Community Banks,Experian,1,Original list,Original inquiry list,n/a
Florida,FL,Sunlight Financial (Cross River Bank),Specialty Consumer Finance,Experian,1,Original list,Original inquiry list,n/a
Florida,FL,"Apple Card (Goldman Sachs Bank USA, moving to Chase)",Major Banks & Card Issuers,TransUnion,1,Original list,Original inquiry list,n/a
Florida,FL,MicroBilt,Credit Report Resellers & Screening (Not Lenders),Experian,1,Original list,Original inquiry list,n/a
Florida,FL,MicroBilt,Credit Report Resellers & Screening (Not Lenders),TransUnion,1,Original list,Original inquiry list,n/a
Florida,FL,"Community banks in your FL rows (Ohio Valley, Peoples Bank, United Bank, WesBanco)",Regional & Community Banks,TransUnion,1,Original list,Original inquiry list,n/a
Florida,FL,PenFed Credit Union (Pentagon FCU),Credit Unions,Equifax,1,Original list,Original inquiry list,n/a
Florida,FL,"Community banks in your FL rows (Ohio Valley, Peoples Bank, United Bank, WesBanco)",Regional & Community Banks,TransUnion,1,Original list,Original inquiry list,n/a
Florida,FL,PNC Bank,Regional & Community Banks,Experian,1,Original list,Original inquiry list,n/a
Florida,FL,PNC Bank,Regional & Community Banks,Equifax,1,Original list,Original inquiry list,n/a
Florida,FL,PNC Bank,Regional & Community Banks,TransUnion,3,Original list,Original inquiry list,n/a
Florida,FL,Regions Bank,Regional & Community Banks,TransUnion,4,Original list,Original inquiry list,n/a
Florida,FL,Truist Bank (formerly SunTrust and BB&T),Regional & Community Banks,Equifax,1,Original list,Original inquiry list,n/a
Florida,FL,"Synchrony Bank (Amazon, PayPal, Lowe's, Old Navy, HSN, CareCredit and others)",Retail / Store Card Issuers,Experian,1,Original list,Original inquiry list,n/a
Florida,FL,"Synchrony Bank (Amazon, PayPal, Lowe's, Old Navy, HSN, CareCredit and others)",Retail / Store Card Issuers,TransUnion,1,Original list,Original inquiry list,n/a
Florida,FL,"Synchrony Bank (Amazon, PayPal, Lowe's, Old Navy, HSN, CareCredit and others)",Retail / Store Card Issuers,Experian,1,Original list,Original inquiry list,n/a
Florida,FL,"Synchrony Bank (Amazon, PayPal, Lowe's, Old Navy, HSN, CareCredit and others)",Retail / Store Card Issuers,TransUnion,1,Original list,Original inquiry list,n/a
Florida,FL,"Unidentified names (Campora, Stinson Enterprises, Scott Stark Enterprise, The Culs, Team LOC 697, DSg Design, LFGFinance, SouthernCA, 1st Natl Bank)",Other / Non-Lender Inquiries,TransUnion,1,Original list,Original inquiry list,n/a
Florida,FL,TD Bank,Regional & Community Banks,Experian,3,Original list,Original inquiry list,n/a
Florida,FL,TAB Bank (Transportation Alliance Bank),Regional & Community Banks,Experian,1,Original list,Original inquiry list,n/a
Florida,FL,Tricon Leasing Group,Equipment Financing & Leasing,Experian,1,Original list,Original inquiry list,n/a
Florida,FL,Truist Bank (formerly SunTrust and BB&T),Regional & Community Banks,Equifax,14,Original list,Original inquiry list,n/a
Florida,FL,"Community banks in your FL rows (Ohio Valley, Peoples Bank, United Bank, WesBanco)",Regional & Community Banks,TransUnion,1,Original list,Original inquiry list,n/a
Florida,FL,U.S. Bank,Major Banks & Card Issuers,Experian,1,Original list,Original inquiry list,n/a
Florida,FL,U.S. Bank,Major Banks & Card Issuers,Equifax,9,Original list,Original inquiry list,n/a
Florida,FL,U.S. Bank,Major Banks & Card Issuers,TransUnion,4,Original list,Original inquiry list,n/a
Florida,FL,"Community banks in your FL rows (Ohio Valley, Peoples Bank, United Bank, WesBanco)",Regional & Community Banks,TransUnion,1,Original list,Original inquiry list,n/a
Florida,FL,Wells Fargo (Card Services),Major Banks & Card Issuers,Experian,7,Original list,Original inquiry list,n/a
Florida,FL,Wells Fargo (Card Services),Major Banks & Card Issuers,Equifax,24,Original list,Original inquiry list,n/a
Florida,FL,Wells Fargo (Card Services),Major Banks & Card Issuers,TransUnion,5,Original list,Original inquiry list,n/a
Georgia,GA,Ally Financial,Auto Finance,Equifax,1,Original list,Original inquiry list,n/a
Georgia,GA,American Express,Major Banks & Card Issuers,TransUnion,1,Original list,Original inquiry list,n/a
Georgia,GA,American Express,Major Banks & Card Issuers,TransUnion,1,Original list,Original inquiry list,n/a
Georgia,GA,Barclays Bank Delaware,Major Banks & Card Issuers,TransUnion,1,Original list,Original inquiry list,n/a
Georgia,GA,Capital One Auto Finance (COAF),Auto Finance,Equifax,1,Original list,Original inquiry list,n/a
Georgia,GA,"Comenity / Bread Financial (Sephora, BJ's, Wayfair and others)",Retail / Store Card Issuers,Equifax,1,Original list,Original inquiry list,n/a
Georgia,GA,JPMorgan Chase (Chase Card Services),Major Banks & Card Issuers,Equifax,1,Original list,Original inquiry list,n/a
Georgia,GA,JPMorgan Chase (Chase Card Services),Major Banks & Card Issuers,Experian,1,Original list,Original inquiry list,n/a
Georgia,GA,"Citizens Bank (Citizens One, formerly RBS Citizens)",Regional & Community Banks,Equifax,1,Original list,Original inquiry list,n/a
Georgia,GA,Capital One Auto Finance (COAF),Auto Finance,TransUnion,1,Original list,Original inquiry list,n/a
Georgia,GA,Consumer Portfolio Services (CPS),Auto Finance,Equifax,1,Original list,Original inquiry list,n/a
Georgia,GA,Consumer Portfolio Services (CPS),Auto Finance,Equifax,1,Original list,Original inquiry list,n/a
Georgia,GA,"Apple Card (Goldman Sachs Bank USA, moving to Chase)",Major Banks & Card Issuers,TransUnion,1,Original list,Original inquiry list,n/a
Georgia,GA,"Apple Card (Goldman Sachs Bank USA, moving to Chase)",Major Banks & Card Issuers,Equifax,1,Original list,Original inquiry list,n/a
Georgia,GA,"Auto dealers in your list (Modesto Toyota, Sierra Motors, Brown Honda, Prime Motor, Mall of Georgia, Northtowne, Lithia VW, South Point)",Auto Finance,TransUnion,1,Original list,Original inquiry list,n/a
Georgia,GA,"Auto dealers in your list (Modesto Toyota, Sierra Motors, Brown Honda, Prime Motor, Mall of Georgia, Northtowne, Lithia VW, South Point)",Auto Finance,Equifax,1,Original list,Original inquiry list,n/a
Georgia,GA,"Auto dealers in your list (Modesto Toyota, Sierra Motors, Brown Honda, Prime Motor, Mall of Georgia, Northtowne, Lithia VW, South Point)",Auto Finance,Equifax,1,Original list,Original inquiry list,n/a
Georgia,GA,"Synchrony Bank (Amazon, PayPal, Lowe's, Old Navy, HSN, CareCredit and others)",Retail / Store Card Issuers,TransUnion,1,Original list,Original inquiry list,n/a
Georgia,GA,"Unidentified names (Campora, Stinson Enterprises, Scott Stark Enterprise, The Culs, Team LOC 697, DSg Design, LFGFinance, SouthernCA, 1st Natl Bank)",Other / Non-Lender Inquiries,TransUnion,1,Original list,Original inquiry list,n/a
Georgia,GA,Wells Fargo (Card Services),Major Banks & Card Issuers,TransUnion,1,Original list,Original inquiry list,n/a
Georgia,GA,"Wells Fargo Auto (WFDS, Wells Fargo Dealer Services)",Auto Finance,Equifax,1,Original list,Original inquiry list,n/a
Hawaii,HI,American Express,Major Banks & Card Issuers,Experian,1,Original list,Original inquiry list,n/a
Hawaii,HI,Capital One,Major Banks & Card Issuers,Equifax,1,Original list,Original inquiry list,n/a
Hawaii,HI,Capital One,Major Banks & Card Issuers,TransUnion,1,Original list,Original inquiry list,n/a
Hawaii,HI,Capital One,Major Banks & Card Issuers,Experian,1,Original list,Original inquiry list,n/a
Hawaii,HI,JPMorgan Chase (Chase Card Services),Major Banks & Card Issuers,Experian,1,Original list,Original inquiry list,n/a
Hawaii,HI,"Apple Card (Goldman Sachs Bank USA, moving to Chase)",Major Banks & Card Issuers,TransUnion,1,Original list,Original inquiry list,n/a
Hawaii,HI,"Synchrony Bank (Amazon, PayPal, Lowe's, Old Navy, HSN, CareCredit and others)",Retail / Store Card Issuers,TransUnion,1,Original list,Original inquiry list,n/a
Hawaii,HI,"Synchrony Bank (Amazon, PayPal, Lowe's, Old Navy, HSN, CareCredit and others)",Retail / Store Card Issuers,Equifax,1,Original list,Original inquiry list,n/a
Indiana,IN,"Mortgage credit report resellers (Credit Plus, Factual Data, CIC Credit, Credco, Advantage Credit, Equifax Mortgage Solutions, CIS, United One Resources, Informative Research, Covius, Funding Suite, American Reporting)",Credit Report Resellers & Screening (Not Lenders),TransUnion,1,Original list,Original inquiry list,n/a
Indiana,IN,"Mortgage credit report resellers (Credit Plus, Factual Data, CIC Credit, Credco, Advantage Credit, Equifax Mortgage Solutions, CIS, United One Resources, Informative Research, Covius, Funding Suite, American Reporting)",Credit Report Resellers & Screening (Not Lenders),Experian,1,Original list,Original inquiry list,n/a
Indiana,IN,"Mortgage credit report resellers (Credit Plus, Factual Data, CIC Credit, Credco, Advantage Credit, Equifax Mortgage Solutions, CIS, United One Resources, Informative Research, Covius, Funding Suite, American Reporting)",Credit Report Resellers & Screening (Not Lenders),Equifax,1,Original list,Original inquiry list,n/a
Indiana,IN,Capital One,Major Banks & Card Issuers,Equifax,1,Original list,Original inquiry list,n/a
Indiana,IN,Capital One,Major Banks & Card Issuers,Experian,1,Original list,Original inquiry list,n/a
Indiana,IN,Capital One,Major Banks & Card Issuers,TransUnion,1,Original list,Original inquiry list,n/a
Indiana,IN,Carmel Financial,Specialty Consumer Finance,TransUnion,1,Original list,Original inquiry list,n/a
Indiana,IN,JPMorgan Chase (Chase Card Services),Major Banks & Card Issuers,Equifax,1,Original list,Original inquiry list,n/a
Indiana,IN,JPMorgan Chase (Chase Card Services),Major Banks & Card Issuers,TransUnion,1,Original list,Original inquiry list,n/a
Indiana,IN,"Tenant screening (National Tenant Network, RentGrow, Checkpoint Screening / Check-Point)",Credit Report Resellers & Screening (Not Lenders),Experian,1,Original list,Original inquiry list,n/a
Indiana,IN,"Mortgage credit report resellers (Credit Plus, Factual Data, CIC Credit, Credco, Advantage Credit, Equifax Mortgage Solutions, CIS, United One Resources, Informative Research, Covius, Funding Suite, American Reporting)",Credit Report Resellers & Screening (Not Lenders),Equifax,1,Original list,Original inquiry list,n/a
Indiana,IN,"Mortgage credit report resellers (Credit Plus, Factual Data, CIC Credit, Credco, Advantage Credit, Equifax Mortgage Solutions, CIS, United One Resources, Informative Research, Covius, Funding Suite, American Reporting)",Credit Report Resellers & Screening (Not Lenders),TransUnion,1,Original list,Original inquiry list,n/a
Indiana,IN,"Mortgage credit report resellers (Credit Plus, Factual Data, CIC Credit, Credco, Advantage Credit, Equifax Mortgage Solutions, CIS, United One Resources, Informative Research, Covius, Funding Suite, American Reporting)",Credit Report Resellers & Screening (Not Lenders),Experian,1,Original list,Original inquiry list,n/a
Indiana,IN,MAJR Financial,Auto Finance,Experian,1,Original list,Original inquiry list,n/a
Indiana,IN,Navy Federal Credit Union,Credit Unions,TransUnion,1,Original list,Original inquiry list,n/a
Indiana,IN,Golden 1 Credit Union,Credit Unions,Experian,1,Original list,Original inquiry list,n/a
Maryland,MD,American Express,Major Banks & Card Issuers,Experian,1,Original list,Original inquiry list,n/a
Maryland,MD,Angel Oak Mortgage Solutions / Angel Oak Home Loans,"Mortgage, DSCR & Real Estate Investor Lending",TransUnion,1,Original list,Original inquiry list,n/a
Maryland,MD,Bank of America,Major Banks & Card Issuers,TransUnion,1,Original list,Original inquiry list,n/a
Maryland,MD,Barclays Bank Delaware,Major Banks & Card Issuers,TransUnion,1,Original list,Original inquiry list,n/a
Maryland,MD,Carmel Financial,Specialty Consumer Finance,TransUnion,1,Original list,Original inquiry list,n/a
Maryland,MD,"Comenity / Bread Financial (Sephora, BJ's, Wayfair and others)",Retail / Store Card Issuers,Equifax,1,Original list,Original inquiry list,n/a
Maryland,MD,JPMorgan Chase (Chase Card Services),Major Banks & Card Issuers,Experian,1,Original list,Original inquiry list,n/a
Maryland,MD,JPMorgan Chase (Chase Card Services),Major Banks & Card Issuers,Equifax,1,Original list,Original inquiry list,n/a
Maryland,MD,JPMorgan Chase (Chase Card Services),Major Banks & Card Issuers,Equifax,1,Original list,Original inquiry list,n/a
Maryland,MD,"Tenant screening (National Tenant Network, RentGrow, Checkpoint Screening / Check-Point)",Credit Report Resellers & Screening (Not Lenders),TransUnion,1,Original list,Original inquiry list,n/a
Maryland,MD,"Tenant screening (National Tenant Network, RentGrow, Checkpoint Screening / Check-Point)",Credit Report Resellers & Screening (Not Lenders),Equifax,1,Original list,Original inquiry list,n/a
Maryland,MD,"Mortgage credit report resellers (Credit Plus, Factual Data, CIC Credit, Credco, Advantage Credit, Equifax Mortgage Solutions, CIS, United One Resources, Informative Research, Covius, Funding Suite, American Reporting)",Credit Report Resellers & Screening (Not Lenders),Equifax,1,Original list,Original inquiry list,n/a
Maryland,MD,"Mortgage credit report resellers (Credit Plus, Factual Data, CIC Credit, Credco, Advantage Credit, Equifax Mortgage Solutions, CIS, United One Resources, Informative Research, Covius, Funding Suite, American Reporting)",Credit Report Resellers & Screening (Not Lenders),TransUnion,1,Original list,Original inquiry list,n/a
Maryland,MD,"Mortgage credit report resellers (Credit Plus, Factual Data, CIC Credit, Credco, Advantage Credit, Equifax Mortgage Solutions, CIS, United One Resources, Informative Research, Covius, Funding Suite, American Reporting)",Credit Report Resellers & Screening (Not Lenders),Experian,1,Original list,Original inquiry list,n/a
Maryland,MD,"Mortgage credit report resellers (Credit Plus, Factual Data, CIC Credit, Credco, Advantage Credit, Equifax Mortgage Solutions, CIS, United One Resources, Informative Research, Covius, Funding Suite, American Reporting)",Credit Report Resellers & Screening (Not Lenders),Equifax,1,Original list,Original inquiry list,n/a
Maryland,MD,"Mortgage credit report resellers (Credit Plus, Factual Data, CIC Credit, Credco, Advantage Credit, Equifax Mortgage Solutions, CIS, United One Resources, Informative Research, Covius, Funding Suite, American Reporting)",Credit Report Resellers & Screening (Not Lenders),TransUnion,1,Original list,Original inquiry list,n/a
Maryland,MD,"Mortgage credit report resellers (Credit Plus, Factual Data, CIC Credit, Credco, Advantage Credit, Equifax Mortgage Solutions, CIS, United One Resources, Informative Research, Covius, Funding Suite, American Reporting)",Credit Report Resellers & Screening (Not Lenders),Experian,1,Original list,Original inquiry list,n/a
Maryland,MD,"Mortgage credit report resellers (Credit Plus, Factual Data, CIC Credit, Credco, Advantage Credit, Equifax Mortgage Solutions, CIS, United One Resources, Informative Research, Covius, Funding Suite, American Reporting)",Credit Report Resellers & Screening (Not Lenders),Equifax,1,Original list,Original inquiry list,n/a
Maryland,MD,"Mortgage credit report resellers (Credit Plus, Factual Data, CIC Credit, Credco, Advantage Credit, Equifax Mortgage Solutions, CIS, United One Resources, Informative Research, Covius, Funding Suite, American Reporting)",Credit Report Resellers & Screening (Not Lenders),TransUnion,1,Original list,Original inquiry list,n/a
Maryland,MD,"Mortgage credit report resellers (Credit Plus, Factual Data, CIC Credit, Credco, Advantage Credit, Equifax Mortgage Solutions, CIS, United One Resources, Informative Research, Covius, Funding Suite, American Reporting)",Credit Report Resellers & Screening (Not Lenders),Experian,1,Original list,Original inquiry list,n/a
Maryland,MD,"Comenity / Bread Financial (Sephora, BJ's, Wayfair and others)",Retail / Store Card Issuers,Experian,1,Original list,Original inquiry list,n/a
Maryland,MD,"Mortgage credit report resellers (Credit Plus, Factual Data, CIC Credit, Credco, Advantage Credit, Equifax Mortgage Solutions, CIS, United One Resources, Informative Research, Covius, Funding Suite, American Reporting)",Credit Report Resellers & Screening (Not Lenders),Experian,1,Original list,Original inquiry list,n/a
Maryland,MD,"Mortgage credit report resellers (Credit Plus, Factual Data, CIC Credit, Credco, Advantage Credit, Equifax Mortgage Solutions, CIS, United One Resources, Informative Research, Covius, Funding Suite, American Reporting)",Credit Report Resellers & Screening (Not Lenders),Equifax,1,Original list,Original inquiry list,n/a
Maryland,MD,"Mortgage credit report resellers (Credit Plus, Factual Data, CIC Credit, Credco, Advantage Credit, Equifax Mortgage Solutions, CIS, United One Resources, Informative Research, Covius, Funding Suite, American Reporting)",Credit Report Resellers & Screening (Not Lenders),TransUnion,1,Original list,Original inquiry list,n/a
Maryland,MD,Flagship Credit Acceptance,Auto Finance,TransUnion,1,Original list,Original inquiry list,n/a
Maryland,MD,Fortiva / The Bank of Missouri (FRC/TBOM),Subprime & Credit-Builder Products,Equifax,1,Original list,Original inquiry list,n/a
Maryland,MD,"Apple Card (Goldman Sachs Bank USA, moving to Chase)",Major Banks & Card Issuers,TransUnion,1,Original list,Original inquiry list,n/a
Maryland,MD,"Mortgage credit report resellers (Credit Plus, Factual Data, CIC Credit, Credco, Advantage Credit, Equifax Mortgage Solutions, CIS, United One Resources, Informative Research, Covius, Funding Suite, American Reporting)",Credit Report Resellers & Screening (Not Lenders),Equifax,1,Original list,Original inquiry list,n/a
Maryland,MD,"Mortgage credit report resellers (Credit Plus, Factual Data, CIC Credit, Credco, Advantage Credit, Equifax Mortgage Solutions, CIS, United One Resources, Informative Research, Covius, Funding Suite, American Reporting)",Credit Report Resellers & Screening (Not Lenders),Experian,1,Original list,Original inquiry list,n/a
Maryland,MD,"Capital One retail cards (Kohl's, Cabela's / Bass Pro)",Retail / Store Card Issuers,Experian,1,Original list,Original inquiry list,n/a
Maryland,MD,"Starpoint Resort Group, LifeShield",Specialty Consumer Finance,Equifax,1,Original list,Original inquiry list,n/a
Maryland,MD,LightStream (Truist),Personal Loans (Prime & Near-Prime),TransUnion,1,Original list,Original inquiry list,n/a
Maryland,MD,Affinity Federal Credit Union,Credit Unions,Experian,1,Original list,Original inquiry list,n/a
Maryland,MD,"Citi Retail Services (Home Depot THD, Macy's DSNB, NTB, Best Buy and others)",Retail / Store Card Issuers,Experian,1,Original list,Original inquiry list,n/a
Maryland,MD,M&T Bank,Regional & Community Banks,Experian,1,Original list,Original inquiry list,n/a
Maryland,MD,New American Funding,"Mortgage, DSCR & Real Estate Investor Lending",TransUnion,1,Original list,Original inquiry list,n/a
Maryland,MD,OneMain Financial,Subprime Installment & Cash Advance,Equifax,1,Original list,Original inquiry list,n/a
Maryland,MD,OneMain Financial,Subprime Installment & Cash Advance,TransUnion,1,Original list,Original inquiry list,n/a
Maryland,MD,SECU (Maryland),Credit Unions,Equifax,1,Original list,Original inquiry list,n/a
Maryland,MD,Truist Bank (formerly SunTrust and BB&T),Regional & Community Banks,Equifax,1,Original list,Original inquiry list,n/a
Maryland,MD,"Synchrony Bank (Amazon, PayPal, Lowe's, Old Navy, HSN, CareCredit and others)",Retail / Store Card Issuers,Equifax,1,Original list,Original inquiry list,n/a
Maryland,MD,"Synchrony Bank (Amazon, PayPal, Lowe's, Old Navy, HSN, CareCredit and others)",Retail / Store Card Issuers,Experian,1,Original list,Original inquiry list,n/a
Maryland,MD,"Synchrony Bank (Amazon, PayPal, Lowe's, Old Navy, HSN, CareCredit and others)",Retail / Store Card Issuers,TransUnion,1,Original list,Original inquiry list,n/a
Maryland,MD,"Synchrony Bank (Amazon, PayPal, Lowe's, Old Navy, HSN, CareCredit and others)",Retail / Store Card Issuers,TransUnion,1,Original list,Original inquiry list,n/a
Maryland,MD,"Synchrony Bank (Amazon, PayPal, Lowe's, Old Navy, HSN, CareCredit and others)",Retail / Store Card Issuers,TransUnion,1,Original list,Original inquiry list,n/a
Maryland,MD,TD Bank (Target Circle Card),Retail / Store Card Issuers,Equifax,1,Original list,Original inquiry list,n/a
Maryland,MD,"Citi Retail Services (Home Depot THD, Macy's DSNB, NTB, Best Buy and others)",Retail / Store Card Issuers,Equifax,1,Original list,Original inquiry list,n/a
Maryland,MD,USAA (Federal Savings Bank / Savings Bank),Credit Unions,Experian,1,Original list,Original inquiry list,n/a
Maryland,MD,Wells Fargo retail cards (Dillard's),Retail / Store Card Issuers,TransUnion,1,Original list,Original inquiry list,n/a
Maryland,MD,First Premier Bank,Subprime & Credit-Builder Products,Equifax,1,Original list,Original inquiry list,n/a
Maryland,MD,First Savings Bank (Blaze Mastercard),Subprime & Credit-Builder Products,TransUnion,1,Original list,Original inquiry list,n/a
Maryland,MD,"Unidentified names (Campora, Stinson Enterprises, Scott Stark Enterprise, The Culs, Team LOC 697, DSg Design, LFGFinance, SouthernCA, 1st Natl Bank)",Other / Non-Lender Inquiries,TransUnion,1,Original list,Original inquiry list,n/a
Missouri,MO,Capital One,Major Banks & Card Issuers,Equifax,1,Original list,Original inquiry list,n/a
Missouri,MO,Capital One,Major Banks & Card Issuers,TransUnion,1,Original list,Original inquiry list,n/a
Missouri,MO,Capital One Auto Finance (COAF),Auto Finance,Experian,1,Original list,Original inquiry list,n/a
Missouri,MO,Capital One,Major Banks & Card Issuers,Experian,1,Original list,Original inquiry list,n/a
Missouri,MO,Capital One Auto Finance (COAF),Auto Finance,Equifax,1,Original list,Original inquiry list,n/a
Missouri,MO,Carmel Financial,Specialty Consumer Finance,TransUnion,1,Original list,Original inquiry list,n/a
Missouri,MO,Telecom and utilities (CenturyLink),Other / Non-Lender Inquiries,TransUnion,1,Original list,Original inquiry list,n/a
Missouri,MO,JPMorgan Chase (Chase Card Services),Major Banks & Card Issuers,Experian,1,Original list,Original inquiry list,n/a
Missouri,MO,Capital One Auto Finance (COAF),Auto Finance,TransUnion,1,Original list,Original inquiry list,n/a
Missouri,MO,Compass Equipment Finance,Equipment Financing & Leasing,TransUnion,1,Original list,Original inquiry list,n/a
Missouri,MO,Daimler Truck Financial,Equipment Financing & Leasing,TransUnion,1,Original list,Original inquiry list,n/a
Missouri,MO,Daimler Truck Financial,Equipment Financing & Leasing,Experian,1,Original list,Original inquiry list,n/a
Missouri,MO,"Unidentified names (Campora, Stinson Enterprises, Scott Stark Enterprise, The Culs, Team LOC 697, DSg Design, LFGFinance, SouthernCA, 1st Natl Bank)",Other / Non-Lender Inquiries,TransUnion,1,Original list,Original inquiry list,n/a
Missouri,MO,"Apple Card (Goldman Sachs Bank USA, moving to Chase)",Major Banks & Card Issuers,TransUnion,1,Original list,Original inquiry list,n/a
Missouri,MO,"Unidentified names (Campora, Stinson Enterprises, Scott Stark Enterprise, The Culs, Team LOC 697, DSg Design, LFGFinance, SouthernCA, 1st Natl Bank)",Other / Non-Lender Inquiries,Equifax,1,Original list,Original inquiry list,n/a
Missouri,MO,MAJR Financial,Auto Finance,Experian,1,Original list,Original inquiry list,n/a
Missouri,MO,Mercedes-Benz Financial Services,Auto Finance,Equifax,1,Original list,Original inquiry list,n/a
Missouri,MO,Navy Federal Credit Union,Credit Unions,TransUnion,1,Original list,Original inquiry list,n/a
Missouri,MO,Navy Federal Credit Union,Credit Unions,Equifax,1,Original list,Original inquiry list,n/a
Missouri,MO,"Auto dealers in your list (Modesto Toyota, Sierra Motors, Brown Honda, Prime Motor, Mall of Georgia, Northtowne, Lithia VW, South Point)",Auto Finance,Equifax,1,Original list,Original inquiry list,n/a
Missouri,MO,"Auto dealers in your list (Modesto Toyota, Sierra Motors, Brown Honda, Prime Motor, Mall of Georgia, Northtowne, Lithia VW, South Point)",Auto Finance,TransUnion,1,Original list,Original inquiry list,n/a
Missouri,MO,OneMain Financial,Subprime Installment & Cash Advance,Experian,1,Original list,Original inquiry list,n/a
Nevada,NV,American Honda Finance (AHFC),Auto Finance,Equifax,1,Original list,Original inquiry list,n/a
Nevada,NV,Ally Financial,Auto Finance,Experian,1,Original list,Original inquiry list,n/a
Nevada,NV,American Credit Acceptance,Auto Finance,Experian,1,Original list,Original inquiry list,n/a
Nevada,NV,Bank of America,Major Banks & Card Issuers,TransUnion,1,Original list,Original inquiry list,n/a
Nevada,NV,Bank of America,Major Banks & Card Issuers,Experian,1,Original list,Original inquiry list,n/a
Nevada,NV,Barclays Bank Delaware,Major Banks & Card Issuers,TransUnion,1,Original list,Original inquiry list,n/a
Nevada,NV,BMO (formerly BMO Harris),Regional & Community Banks,TransUnion,1,Original list,Original inquiry list,n/a
Nevada,NV,Capital One Auto Finance (COAF),Auto Finance,Equifax,1,Original list,Original inquiry list,n/a
Nevada,NV,JPMorgan Chase (Chase Card Services),Major Banks & Card Issuers,Experian,1,Original list,Original inquiry list,n/a
Nevada,NV,JPMorgan Chase (Chase Card Services),Major Banks & Card Issuers,Equifax,1,Original list,Original inquiry list,n/a
Nevada,NV,JPMorgan Chase (Chase Card Services),Major Banks & Card Issuers,Experian,1,Original list,Original inquiry list,n/a
Nevada,NV,JPMorgan Chase (Chase Card Services),Major Banks & Card Issuers,Equifax,1,Original list,Original inquiry list,n/a
Nevada,NV,JPMorgan Chase (Chase Card Services),Major Banks & Card Issuers,Experian,1,Original list,Original inquiry list,n/a
Nevada,NV,JPMorgan Chase (Chase Card Services),Major Banks & Card Issuers,Equifax,1,Original list,Original inquiry list,n/a
Nevada,NV,"Mortgage credit report resellers (Credit Plus, Factual Data, CIC Credit, Credco, Advantage Credit, Equifax Mortgage Solutions, CIS, United One Resources, Informative Research, Covius, Funding Suite, American Reporting)",Credit Report Resellers & Screening (Not Lenders),Experian,1,Original list,Original inquiry list,n/a
Nevada,NV,"Mortgage credit report resellers (Credit Plus, Factual Data, CIC Credit, Credco, Advantage Credit, Equifax Mortgage Solutions, CIS, United One Resources, Informative Research, Covius, Funding Suite, American Reporting)",Credit Report Resellers & Screening (Not Lenders),Equifax,1,Original list,Original inquiry list,n/a
Nevada,NV,"Mortgage credit report resellers (Credit Plus, Factual Data, CIC Credit, Credco, Advantage Credit, Equifax Mortgage Solutions, CIS, United One Resources, Informative Research, Covius, Funding Suite, American Reporting)",Credit Report Resellers & Screening (Not Lenders),TransUnion,1,Original list,Original inquiry list,n/a
Nevada,NV,Citibank (Citi Cards / CBNA),Major Banks & Card Issuers,Experian,1,Original list,Original inquiry list,n/a
Nevada,NV,"Citizens Bank (Citizens One, formerly RBS Citizens)",Regional & Community Banks,TransUnion,1,Original list,Original inquiry list,n/a
Nevada,NV,Capital One Auto Finance (COAF),Auto Finance,TransUnion,1,Original list,Original inquiry list,n/a
Nevada,NV,"Other credit unions in your NV rows (Collins Cred, VCU Lending)",Credit Unions,TransUnion,1,Original list,Original inquiry list,n/a
Nevada,NV,Credit Acceptance,Auto Finance,Experian,1,Original list,Original inquiry list,n/a
Nevada,NV,"Mortgage credit report resellers (Credit Plus, Factual Data, CIC Credit, Credco, Advantage Credit, Equifax Mortgage Solutions, CIS, United One Resources, Informative Research, Covius, Funding Suite, American Reporting)",Credit Report Resellers & Screening (Not Lenders),Equifax,1,Original list,Original inquiry list,n/a
Nevada,NV,"Mortgage credit report resellers (Credit Plus, Factual Data, CIC Credit, Credco, Advantage Credit, Equifax Mortgage Solutions, CIS, United One Resources, Informative Research, Covius, Funding Suite, American Reporting)",Credit Report Resellers & Screening (Not Lenders),Experian,1,Original list,Original inquiry list,n/a
Nevada,NV,"Mortgage credit report resellers (Credit Plus, Factual Data, CIC Credit, Credco, Advantage Credit, Equifax Mortgage Solutions, CIS, United One Resources, Informative Research, Covius, Funding Suite, American Reporting)",Credit Report Resellers & Screening (Not Lenders),Equifax,1,Original list,Original inquiry list,n/a
Nevada,NV,"Mortgage credit report resellers (Credit Plus, Factual Data, CIC Credit, Credco, Advantage Credit, Equifax Mortgage Solutions, CIS, United One Resources, Informative Research, Covius, Funding Suite, American Reporting)",Credit Report Resellers & Screening (Not Lenders),TransUnion,1,Original list,Original inquiry list,n/a
Nevada,NV,"Mortgage credit report resellers (Credit Plus, Factual Data, CIC Credit, Credco, Advantage Credit, Equifax Mortgage Solutions, CIS, United One Resources, Informative Research, Covius, Funding Suite, American Reporting)",Credit Report Resellers & Screening (Not Lenders),TransUnion,1,Original list,Original inquiry list,n/a
Nevada,NV,Elements Financial FCU,Credit Unions,Equifax,1,Original list,Original inquiry list,n/a
Nevada,NV,"Mortgage credit report resellers (Credit Plus, Factual Data, CIC Credit, Credco, Advantage Credit, Equifax Mortgage Solutions, CIS, United One Resources, Informative Research, Covius, Funding Suite, American Reporting)",Credit Report Resellers & Screening (Not Lenders),Equifax,1,Original list,Original inquiry list,n/a
Nevada,NV,"Mortgage credit report resellers (Credit Plus, Factual Data, CIC Credit, Credco, Advantage Credit, Equifax Mortgage Solutions, CIS, United One Resources, Informative Research, Covius, Funding Suite, American Reporting)",Credit Report Resellers & Screening (Not Lenders),Equifax,1,Original list,Original inquiry list,n/a
Nevada,NV,"Mortgage credit report resellers (Credit Plus, Factual Data, CIC Credit, Credco, Advantage Credit, Equifax Mortgage Solutions, CIS, United One Resources, Informative Research, Covius, Funding Suite, American Reporting)",Credit Report Resellers & Screening (Not Lenders),Experian,1,Original list,Original inquiry list,n/a
Nevada,NV,"Mortgage credit report resellers (Credit Plus, Factual Data, CIC Credit, Credco, Advantage Credit, Equifax Mortgage Solutions, CIS, United One Resources, Informative Research, Covius, Funding Suite, American Reporting)",Credit Report Resellers & Screening (Not Lenders),TransUnion,1,Original list,Original inquiry list,n/a
Nevada,NV,Liberty FCU (formerly Evansville Teachers FCU),Credit Unions,TransUnion,1,Original list,Original inquiry list,n/a
Nevada,NV,Exeter Finance,Auto Finance,TransUnion,1,Original list,Original inquiry list,n/a
Nevada,NV,"Mortgage credit report resellers (Credit Plus, Factual Data, CIC Credit, Credco, Advantage Credit, Equifax Mortgage Solutions, CIS, United One Resources, Informative Research, Covius, Funding Suite, American Reporting)",Credit Report Resellers & Screening (Not Lenders),Experian,1,Original list,Original inquiry list,n/a
Nevada,NV,"Mortgage credit report resellers (Credit Plus, Factual Data, CIC Credit, Credco, Advantage Credit, Equifax Mortgage Solutions, CIS, United One Resources, Informative Research, Covius, Funding Suite, American Reporting)",Credit Report Resellers & Screening (Not Lenders),Equifax,1,Original list,Original inquiry list,n/a
Nevada,NV,Global Lending Services,Auto Finance,Experian,1,Original list,Original inquiry list,n/a
Nevada,NV,Global Lending Services,Auto Finance,Equifax,1,Original list,Original inquiry list,n/a
Nevada,NV,American Honda Finance (AHFC),Auto Finance,Equifax,1,Original list,Original inquiry list,n/a
Nevada,NV,"Auto dealers in your list (Modesto Toyota, Sierra Motors, Brown Honda, Prime Motor, Mall of Georgia, Northtowne, Lithia VW, South Point)",Auto Finance,TransUnion,1,Original list,Original inquiry list,n/a
Nevada,NV,"Auto dealers in your list (Modesto Toyota, Sierra Motors, Brown Honda, Prime Motor, Mall of Georgia, Northtowne, Lithia VW, South Point)",Auto Finance,Equifax,1,Original list,Original inquiry list,n/a
Nevada,NV,Westlake Financial (Nowcom),Auto Finance,Experian,1,Original list,Original inquiry list,n/a
Nevada,NV,"RateGenius, myAutoLoan, Autopay (auto loan marketplaces)",Auto Finance,Equifax,1,Original list,Original inquiry list,n/a
Nevada,NV,Service Finance Company (Truist),Specialty Consumer Finance,TransUnion,1,Original list,Original inquiry list,n/a
Nevada,NV,"Unidentified names (Campora, Stinson Enterprises, Scott Stark Enterprise, The Culs, Team LOC 697, DSg Design, LFGFinance, SouthernCA, 1st Natl Bank)",Other / Non-Lender Inquiries,Equifax,1,Original list,Original inquiry list,n/a
Nevada,NV,"Other mortgage lenders in your list (AmeriSave, Fairway Independent, T2 Financial / Revolution Mortgage)","Mortgage, DSCR & Real Estate Investor Lending",TransUnion,1,Original list,Original inquiry list,n/a
Nevada,NV,USAA (Federal Savings Bank / Savings Bank),Credit Unions,Experian,1,Original list,Original inquiry list,n/a
Nevada,NV,"Other credit unions in your NV rows (Collins Cred, VCU Lending)",Credit Unions,TransUnion,1,Original list,Original inquiry list,n/a
Nevada,NV,Veridian Credit Union (Iowa),Credit Unions,TransUnion,1,Original list,Original inquiry list,n/a
Nevada,NV,WestStar Credit Union (Nevada),Credit Unions,Experian,1,Original list,Original inquiry list,n/a
Nevada,NV,Wells Fargo (Card Services),Major Banks & Card Issuers,Experian,1,Original list,Original inquiry list,n/a
Nevada,NV,"Wells Fargo Auto (WFDS, Wells Fargo Dealer Services)",Auto Finance,Equifax,1,Original list,Original inquiry list,n/a
New Jersey,NJ,American Express,Major Banks & Card Issuers,Experian,1,Original list,Original inquiry list,n/a
New Jersey,NJ,Bank of America,Major Banks & Card Issuers,Experian,1,Original list,Original inquiry list,n/a
New Jersey,NJ,Capital One,Major Banks & Card Issuers,Equifax,1,Original list,Original inquiry list,n/a
New Jersey,NJ,Capital One,Major Banks & Card Issuers,TransUnion,1,Original list,Original inquiry list,n/a
New Jersey,NJ,Capital One,Major Banks & Card Issuers,Experian,1,Original list,Original inquiry list,n/a
New Jersey,NJ,"Comenity / Bread Financial (Sephora, BJ's, Wayfair and others)",Retail / Store Card Issuers,Equifax,1,Original list,Original inquiry list,n/a
New Jersey,NJ,"Bureau self-inquiries (TransUnion, Experian Business Credit, Equifax)",Credit Report Resellers & Screening (Not Lenders),Experian,1,Original list,Original inquiry list,n/a
New Jersey,NJ,Westlake Financial (Nowcom),Auto Finance,Experian,1,Original list,Original inquiry list,n/a
New Jersey,NJ,OneMain Financial,Subprime Installment & Cash Advance,Experian,1,Original list,Original inquiry list,n/a
New Jersey,NJ,"Merchant processors (Payroc, Electronic Payments)",Other / Non-Lender Inquiries,Experian,1,Original list,Original inquiry list,n/a
New Jersey,NJ,"Bureau self-inquiries (TransUnion, Experian Business Credit, Equifax)",Credit Report Resellers & Screening (Not Lenders),TransUnion,1,Original list,Original inquiry list,n/a
New Jersey,NJ,U.S. Bank,Major Banks & Card Issuers,Equifax,1,Original list,Original inquiry list,n/a
New York,NY,Bank of America,Major Banks & Card Issuers,TransUnion,1,Original list,Original inquiry list,n/a
New York,NY,Barclays Bank Delaware,Major Banks & Card Issuers,TransUnion,1,Original list,Original inquiry list,n/a
New York,NY,Capital One,Major Banks & Card Issuers,Equifax,1,Original list,Original inquiry list,n/a
New York,NY,Capital One,Major Banks & Card Issuers,TransUnion,1,Original list,Original inquiry list,n/a
New York,NY,Capital One,Major Banks & Card Issuers,Experian,1,Original list,Original inquiry list,n/a
New York,NY,Citibank (Citi Cards / CBNA),Major Banks & Card Issuers,Equifax,1,Original list,Original inquiry list,n/a
New York,NY,JPMorgan Chase (Chase Card Services),Major Banks & Card Issuers,Experian,1,Original list,Original inquiry list,n/a
New York,NY,U.S. Department of Education,Other / Non-Lender Inquiries,Equifax,1,Original list,Original inquiry list,n/a
New York,NY,"Merchant processors (Payroc, Electronic Payments)",Other / Non-Lender Inquiries,Experian,1,Original list,Original inquiry list,n/a
Texas,TX,700Credit,Credit Report Resellers & Screening (Not Lenders),Experian,1,Original list,Original inquiry list,n/a
Texas,TX,700Credit,Credit Report Resellers & Screening (Not Lenders),TransUnion,1,Original list,Original inquiry list,n/a
Texas,TX,Ally Financial,Auto Finance,Equifax,1,Original list,Original inquiry list,n/a
Texas,TX,JPMorgan Chase (Chase Card Services),Major Banks & Card Issuers,Experian,1,Original list,Original inquiry list,n/a
Texas,TX,"Mortgage credit report resellers (Credit Plus, Factual Data, CIC Credit, Credco, Advantage Credit, Equifax Mortgage Solutions, CIS, United One Resources, Informative Research, Covius, Funding Suite, American Reporting)",Credit Report Resellers & Screening (Not Lenders),Experian,1,Original list,Original inquiry list,n/a
Texas,TX,"Mortgage credit report resellers (Credit Plus, Factual Data, CIC Credit, Credco, Advantage Credit, Equifax Mortgage Solutions, CIS, United One Resources, Informative Research, Covius, Funding Suite, American Reporting)",Credit Report Resellers & Screening (Not Lenders),Experian,1,Original list,Original inquiry list,n/a
Texas,TX,"Mortgage credit report resellers (Credit Plus, Factual Data, CIC Credit, Credco, Advantage Credit, Equifax Mortgage Solutions, CIS, United One Resources, Informative Research, Covius, Funding Suite, American Reporting)",Credit Report Resellers & Screening (Not Lenders),Equifax,1,Original list,Original inquiry list,n/a
Texas,TX,"Mortgage credit report resellers (Credit Plus, Factual Data, CIC Credit, Credco, Advantage Credit, Equifax Mortgage Solutions, CIS, United One Resources, Informative Research, Covius, Funding Suite, American Reporting)",Credit Report Resellers & Screening (Not Lenders),TransUnion,1,Original list,Original inquiry list,n/a
Texas,TX,"Mortgage credit report resellers (Credit Plus, Factual Data, CIC Credit, Credco, Advantage Credit, Equifax Mortgage Solutions, CIS, United One Resources, Informative Research, Covius, Funding Suite, American Reporting)",Credit Report Resellers & Screening (Not Lenders),Experian,1,Original list,Original inquiry list,n/a
Texas,TX,"Mortgage credit report resellers (Credit Plus, Factual Data, CIC Credit, Credco, Advantage Credit, Equifax Mortgage Solutions, CIS, United One Resources, Informative Research, Covius, Funding Suite, American Reporting)",Credit Report Resellers & Screening (Not Lenders),Equifax,1,Original list,Original inquiry list,n/a
Texas,TX,"Mortgage credit report resellers (Credit Plus, Factual Data, CIC Credit, Credco, Advantage Credit, Equifax Mortgage Solutions, CIS, United One Resources, Informative Research, Covius, Funding Suite, American Reporting)",Credit Report Resellers & Screening (Not Lenders),TransUnion,1,Original list,Original inquiry list,n/a
Texas,TX,"Mortgage credit report resellers (Credit Plus, Factual Data, CIC Credit, Credco, Advantage Credit, Equifax Mortgage Solutions, CIS, United One Resources, Informative Research, Covius, Funding Suite, American Reporting)",Credit Report Resellers & Screening (Not Lenders),Experian,1,Original list,Original inquiry list,n/a
Texas,TX,"Mortgage credit report resellers (Credit Plus, Factual Data, CIC Credit, Credco, Advantage Credit, Equifax Mortgage Solutions, CIS, United One Resources, Informative Research, Covius, Funding Suite, American Reporting)",Credit Report Resellers & Screening (Not Lenders),Equifax,1,Original list,Original inquiry list,n/a
Texas,TX,"Mortgage credit report resellers (Credit Plus, Factual Data, CIC Credit, Credco, Advantage Credit, Equifax Mortgage Solutions, CIS, United One Resources, Informative Research, Covius, Funding Suite, American Reporting)",Credit Report Resellers & Screening (Not Lenders),TransUnion,1,Original list,Original inquiry list,n/a
Texas,TX,"Mortgage credit report resellers (Credit Plus, Factual Data, CIC Credit, Credco, Advantage Credit, Equifax Mortgage Solutions, CIS, United One Resources, Informative Research, Covius, Funding Suite, American Reporting)",Credit Report Resellers & Screening (Not Lenders),Experian,1,Original list,Original inquiry list,n/a
Texas,TX,"Mortgage credit report resellers (Credit Plus, Factual Data, CIC Credit, Credco, Advantage Credit, Equifax Mortgage Solutions, CIS, United One Resources, Informative Research, Covius, Funding Suite, American Reporting)",Credit Report Resellers & Screening (Not Lenders),Equifax,1,Original list,Original inquiry list,n/a
Texas,TX,"Mortgage credit report resellers (Credit Plus, Factual Data, CIC Credit, Credco, Advantage Credit, Equifax Mortgage Solutions, CIS, United One Resources, Informative Research, Covius, Funding Suite, American Reporting)",Credit Report Resellers & Screening (Not Lenders),TransUnion,1,Original list,Original inquiry list,n/a
Texas,TX,"Unidentified names (Campora, Stinson Enterprises, Scott Stark Enterprise, The Culs, Team LOC 697, DSg Design, LFGFinance, SouthernCA, 1st Natl Bank)",Other / Non-Lender Inquiries,Equifax,1,Original list,Original inquiry list,n/a
Texas,TX,"Synchrony Bank (Amazon, PayPal, Lowe's, Old Navy, HSN, CareCredit and others)",Retail / Store Card Issuers,TransUnion,1,Original list,Original inquiry list,n/a
Texas,TX,U.S. Bank Dealer Services,Auto Finance,TransUnion,1,Original list,Original inquiry list,n/a
Washington,WA,Bank of America,Major Banks & Card Issuers,TransUnion,1,Original list,Original inquiry list,n/a
Washington,WA,Citibank (Citi Cards / CBNA),Major Banks & Card Issuers,Equifax,1,Original list,Original inquiry list,n/a
Washington,WA,JPMorgan Chase (Chase Card Services),Major Banks & Card Issuers,Experian,1,Original list,Original inquiry list,n/a
Washington,WA,JPMorgan Chase (Chase Card Services),Major Banks & Card Issuers,Equifax,1,Original list,Original inquiry list,n/a
Washington,WA,"Mortgage credit report resellers (Credit Plus, Factual Data, CIC Credit, Credco, Advantage Credit, Equifax Mortgage Solutions, CIS, United One Resources, Informative Research, Covius, Funding Suite, American Reporting)",Credit Report Resellers & Screening (Not Lenders),Equifax,1,Original list,Original inquiry list,n/a
Washington,WA,"Mortgage credit report resellers (Credit Plus, Factual Data, CIC Credit, Credco, Advantage Credit, Equifax Mortgage Solutions, CIS, United One Resources, Informative Research, Covius, Funding Suite, American Reporting)",Credit Report Resellers & Screening (Not Lenders),Experian,1,Original list,Original inquiry list,n/a
Washington,WA,"Mortgage credit report resellers (Credit Plus, Factual Data, CIC Credit, Credco, Advantage Credit, Equifax Mortgage Solutions, CIS, United One Resources, Informative Research, Covius, Funding Suite, American Reporting)",Credit Report Resellers & Screening (Not Lenders),TransUnion,1,Original list,Original inquiry list,n/a
Washington,WA,"Mortgage credit report resellers (Credit Plus, Factual Data, CIC Credit, Credco, Advantage Credit, Equifax Mortgage Solutions, CIS, United One Resources, Informative Research, Covius, Funding Suite, American Reporting)",Credit Report Resellers & Screening (Not Lenders),Experian,1,Original list,Original inquiry list,n/a
Washington,WA,"Mortgage credit report resellers (Credit Plus, Factual Data, CIC Credit, Credco, Advantage Credit, Equifax Mortgage Solutions, CIS, United One Resources, Informative Research, Covius, Funding Suite, American Reporting)",Credit Report Resellers & Screening (Not Lenders),Equifax,1,Original list,Original inquiry list,n/a
Washington,WA,"Mortgage credit report resellers (Credit Plus, Factual Data, CIC Credit, Credco, Advantage Credit, Equifax Mortgage Solutions, CIS, United One Resources, Informative Research, Covius, Funding Suite, American Reporting)",Credit Report Resellers & Screening (Not Lenders),TransUnion,1,Original list,Original inquiry list,n/a
Washington,WA,Discover (now part of Capital One),Major Banks & Card Issuers,Experian,1,Original list,Original inquiry list,n/a
Washington,WA,"Mortgage credit report resellers (Credit Plus, Factual Data, CIC Credit, Credco, Advantage Credit, Equifax Mortgage Solutions, CIS, United One Resources, Informative Research, Covius, Funding Suite, American Reporting)",Credit Report Resellers & Screening (Not Lenders),Equifax,1,Original list,Original inquiry list,n/a
Washington,WA,"Mortgage credit report resellers (Credit Plus, Factual Data, CIC Credit, Credco, Advantage Credit, Equifax Mortgage Solutions, CIS, United One Resources, Informative Research, Covius, Funding Suite, American Reporting)",Credit Report Resellers & Screening (Not Lenders),Experian,1,Original list,Original inquiry list,n/a
Washington,WA,"Mortgage credit report resellers (Credit Plus, Factual Data, CIC Credit, Credco, Advantage Credit, Equifax Mortgage Solutions, CIS, United One Resources, Informative Research, Covius, Funding Suite, American Reporting)",Credit Report Resellers & Screening (Not Lenders),TransUnion,1,Original list,Original inquiry list,n/a
Washington,WA,Elan Financial Services (U.S. Bank subsidiary),Major Banks & Card Issuers,TransUnion,1,Original list,Original inquiry list,n/a
Washington,WA,"Mortgage credit report resellers (Credit Plus, Factual Data, CIC Credit, Credco, Advantage Credit, Equifax Mortgage Solutions, CIS, United One Resources, Informative Research, Covius, Funding Suite, American Reporting)",Credit Report Resellers & Screening (Not Lenders),Experian,1,Original list,Original inquiry list,n/a
Washington,WA,"Mortgage credit report resellers (Credit Plus, Factual Data, CIC Credit, Credco, Advantage Credit, Equifax Mortgage Solutions, CIS, United One Resources, Informative Research, Covius, Funding Suite, American Reporting)",Credit Report Resellers & Screening (Not Lenders),Equifax,1,Original list,Original inquiry list,n/a
Washington,WA,"Mortgage credit report resellers (Credit Plus, Factual Data, CIC Credit, Credco, Advantage Credit, Equifax Mortgage Solutions, CIS, United One Resources, Informative Research, Covius, Funding Suite, American Reporting)",Credit Report Resellers & Screening (Not Lenders),TransUnion,1,Original list,Original inquiry list,n/a
Washington,WA,LoanMe (ceased lending),Subprime Installment & Cash Advance,Experian,1,Original list,Original inquiry list,n/a
Washington,WA,Navy Federal Credit Union,Credit Unions,TransUnion,1,Original list,Original inquiry list,n/a
Washington,WA,"Tenant screening (National Tenant Network, RentGrow, Checkpoint Screening / Check-Point)",Credit Report Resellers & Screening (Not Lenders),Experian,1,Original list,Original inquiry list,n/a
Washington,WA,"Synchrony Bank (Amazon, PayPal, Lowe's, Old Navy, HSN, CareCredit and others)",Retail / Store Card Issuers,TransUnion,1,Original list,Original inquiry list,n/a
Washington,WA,TD Bank,Regional & Community Banks,Experian,1,Original list,Original inquiry list,n/a
Washington,WA,"Mortgage credit report resellers (Credit Plus, Factual Data, CIC Credit, Credco, Advantage Credit, Equifax Mortgage Solutions, CIS, United One Resources, Informative Research, Covius, Funding Suite, American Reporting)",Credit Report Resellers & Screening (Not Lenders),Experian,1,Original list,Original inquiry list,n/a
Washington,WA,"Mortgage credit report resellers (Credit Plus, Factual Data, CIC Credit, Credco, Advantage Credit, Equifax Mortgage Solutions, CIS, United One Resources, Informative Research, Covius, Funding Suite, American Reporting)",Credit Report Resellers & Screening (Not Lenders),Equifax,1,Original list,Original inquiry list,n/a
Washington,WA,"Mortgage credit report resellers (Credit Plus, Factual Data, CIC Credit, Credco, Advantage Credit, Equifax Mortgage Solutions, CIS, United One Resources, Informative Research, Covius, Funding Suite, American Reporting)",Credit Report Resellers & Screening (Not Lenders),TransUnion,1,Original list,Original inquiry list,n/a
Washington,WA,U.S. Bank,Major Banks & Card Issuers,TransUnion,1,Original list,Original inquiry list,n/a
Indiana,IN,Affinity Federal Credit Union,Credit Unions,Experian,1,Outside sources,"myFICO Forums: Which Report Will They Pull, Part 2 (state grid, as of 07/09/23)",As of Jul 2023
Massachusetts,MA,Affinity Federal Credit Union,Credit Unions,Experian,1,Outside sources,"myFICO Forums: Which Report Will They Pull, Part 2 (state grid, as of 07/09/23)",As of Jul 2023
Massachusetts,MA,Alliant Credit Union,Credit Unions,TransUnion,1,Outside sources,"myFICO Forums: Which Report Will They Pull, Part 2 (state grid, as of 07/09/23)",As of Jul 2023
Maryland,MD,Ally Financial,Auto Finance,Experian,1,Outside sources,"myFICO Forums: Which Report Will They Pull, Part 2 (state grid, as of 07/09/23)",As of Jul 2023
Maryland,MD,Ally Financial,Auto Finance,TransUnion,1,Outside sources,"myFICO Forums: Which Report Will They Pull, Part 2 (state grid, as of 07/09/23)",As of Jul 2023
Georgia,GA,Amalgamated Bank,Not in lender database,Equifax,1,Outside sources,"myFICO Forums: Which Report Will They Pull, Part 2 (state grid, as of 07/09/23)",As of Jul 2023
Pennsylvania,PA,Amalgamated Bank,Not in lender database,Experian,1,Outside sources,"myFICO Forums: Which Report Will They Pull, Part 2 (state grid, as of 07/09/23)",As of Jul 2023
Texas,TX,"Zions Bancorporation banks (Nevada State Bank, Amegy, California Bank & Trust, National Bank of Arizona, Vectra, Zions)",Regional & Community Banks,Experian,1,Outside sources,"myFICO Forums: Which Report Will They Pull, Part 2 (state grid, as of 07/09/23)",As of Jul 2023
Alabama,AL,American Express,Major Banks & Card Issuers,Experian,2,Outside sources,Doctor of Credit: What Credit Bureau Does American Express Pull?,2014-2016
Arkansas,AR,American Express,Major Banks & Card Issuers,Experian,3,Outside sources,Doctor of Credit: What Credit Bureau Does American Express Pull?,2014-2016
Arizona,AZ,American Express,Major Banks & Card Issuers,Experian,6,Outside sources,Doctor of Credit: What Credit Bureau Does American Express Pull?,2014-2016
California,CA,American Express,Major Banks & Card Issuers,Experian,41,Outside sources,Doctor of Credit: What Credit Bureau Does American Express Pull?,2014-2016
California,CA,American Express,Major Banks & Card Issuers,Equifax,1,Outside sources,Doctor of Credit: What Credit Bureau Does American Express Pull?,2014-2016
California,CA,American Express,Major Banks & Card Issuers,TransUnion,2,Outside sources,Doctor of Credit: What Credit Bureau Does American Express Pull?,2014-2016
California,CA,American Express,Major Banks & Card Issuers,Experian,1,Outside sources,"myFICO Forums: Which Report Will They Pull, Part 2 (state grid, as of 07/09/23)",As of Jul 2023
Colorado,CO,American Express,Major Banks & Card Issuers,Experian,16,Outside sources,Doctor of Credit: What Credit Bureau Does American Express Pull?,2014-2016
Connecticut,CT,American Express,Major Banks & Card Issuers,Experian,4,Outside sources,Doctor of Credit: What Credit Bureau Does American Express Pull?,2014-2016
Connecticut,CT,American Express,Major Banks & Card Issuers,TransUnion,1,Outside sources,Doctor of Credit: What Credit Bureau Does American Express Pull?,2014-2016
District of Columbia,DC,American Express,Major Banks & Card Issuers,Experian,3,Outside sources,Doctor of Credit: What Credit Bureau Does American Express Pull?,2014-2016
District of Columbia,DC,American Express,Major Banks & Card Issuers,Equifax,1,Outside sources,Doctor of Credit: What Credit Bureau Does American Express Pull?,2014-2016
Delaware,DE,American Express,Major Banks & Card Issuers,Experian,5,Outside sources,Doctor of Credit: What Credit Bureau Does American Express Pull?,2014-2016
Delaware,DE,American Express,Major Banks & Card Issuers,Experian,1,Outside sources,"myFICO Forums: Which Report Will They Pull, Part 2 (state grid, as of 07/09/23)",As of Jul 2023
Delaware,DE,American Express,Major Banks & Card Issuers,TransUnion,1,Outside sources,"myFICO Forums: Which Report Will They Pull, Part 2 (state grid, as of 07/09/23)",As of Jul 2023
Florida,FL,American Express,Major Banks & Card Issuers,Experian,27,Outside sources,Doctor of Credit: What Credit Bureau Does American Express Pull?,2014-2016
Florida,FL,American Express,Major Banks & Card Issuers,Equifax,1,Outside sources,Doctor of Credit: What Credit Bureau Does American Express Pull?,2014-2016
Florida,FL,American Express,Major Banks & Card Issuers,TransUnion,1,Outside sources,Doctor of Credit: What Credit Bureau Does American Express Pull?,2014-2016
Florida,FL,American Express,Major Banks & Card Issuers,Experian,1,Outside sources,"myFICO Forums: Which Report Will They Pull, Part 2 (state grid, as of 07/09/23)",As of Jul 2023
Georgia,GA,American Express,Major Banks & Card Issuers,Experian,18,Outside sources,Doctor of Credit: What Credit Bureau Does American Express Pull?,2014-2016
Georgia,GA,American Express,Major Banks & Card Issuers,TransUnion,2,Outside sources,Doctor of Credit: What Credit Bureau Does American Express Pull?,2014-2016
Georgia,GA,American Express,Major Banks & Card Issuers,Experian,1,Outside sources,"myFICO Forums: Which Report Will They Pull, Part 2 (state grid, as of 07/09/23)",As of Jul 2023
Georgia,GA,American Express,Major Banks & Card Issuers,TransUnion,1,Outside sources,"myFICO Forums: Which Report Will They Pull, Part 2 (state grid, as of 07/09/23)",As of Jul 2023
Idaho,ID,American Express,Major Banks & Card Issuers,Experian,2,Outside sources,Doctor of Credit: What Credit Bureau Does American Express Pull?,2014-2016
Idaho,ID,American Express,Major Banks & Card Issuers,Experian,1,Outside sources,"myFICO Forums: Which Report Will They Pull, Part 2 (state grid, as of 07/09/23)",As of Jul 2023
Illinois,IL,American Express,Major Banks & Card Issuers,Experian,19,Outside sources,Doctor of Credit: What Credit Bureau Does American Express Pull?,2014-2016
Indiana,IN,American Express,Major Banks & Card Issuers,Experian,2,Outside sources,Doctor of Credit: What Credit Bureau Does American Express Pull?,2014-2016
Indiana,IN,American Express,Major Banks & Card Issuers,Experian,1,Outside sources,"myFICO Forums: Which Report Will They Pull, Part 2 (state grid, as of 07/09/23)",As of Jul 2023
Kansas,KS,American Express,Major Banks & Card Issuers,Experian,1,Outside sources,Doctor of Credit: What Credit Bureau Does American Express Pull?,2014-2016
Kentucky,KY,American Express,Major Banks & Card Issuers,Experian,5,Outside sources,Doctor of Credit: What Credit Bureau Does American Express Pull?,2014-2016
Kentucky,KY,American Express,Major Banks & Card Issuers,Experian,1,Outside sources,"myFICO Forums: Which Report Will They Pull, Part 2 (state grid, as of 07/09/23)",As of Jul 2023
Kentucky,KY,American Express,Major Banks & Card Issuers,TransUnion,1,Outside sources,"myFICO Forums: Which Report Will They Pull, Part 2 (state grid, as of 07/09/23)",As of Jul 2023
Louisiana,LA,American Express,Major Banks & Card Issuers,Experian,1,Outside sources,Doctor of Credit: What Credit Bureau Does American Express Pull?,2014-2016
Massachusetts,MA,American Express,Major Banks & Card Issuers,Experian,12,Outside sources,Doctor of Credit: What Credit Bureau Does American Express Pull?,2014-2016
Maryland,MD,American Express,Major Banks & Card Issuers,Experian,7,Outside sources,Doctor of Credit: What Credit Bureau Does American Express Pull?,2014-2016
Michigan,MI,American Express,Major Banks & Card Issuers,Experian,9,Outside sources,Doctor of Credit: What Credit Bureau Does American Express Pull?,2014-2016
Minnesota,MN,American Express,Major Banks & Card Issuers,Experian,4,Outside sources,Doctor of Credit: What Credit Bureau Does American Express Pull?,2014-2016
Missouri,MO,American Express,Major Banks & Card Issuers,Experian,3,Outside sources,Doctor of Credit: What Credit Bureau Does American Express Pull?,2014-2016
Mississippi,MS,American Express,Major Banks & Card Issuers,Experian,2,Outside sources,Doctor of Credit: What Credit Bureau Does American Express Pull?,2014-2016
Mississippi,MS,American Express,Major Banks & Card Issuers,Equifax,2,Outside sources,Doctor of Credit: What Credit Bureau Does American Express Pull?,2014-2016
North Carolina,NC,American Express,Major Banks & Card Issuers,Experian,12,Outside sources,Doctor of Credit: What Credit Bureau Does American Express Pull?,2014-2016
North Carolina,NC,American Express,Major Banks & Card Issuers,Experian,1,Outside sources,"myFICO Forums: Which Report Will They Pull, Part 2 (state grid, as of 07/09/23)",As of Jul 2023
North Carolina,NC,American Express,Major Banks & Card Issuers,TransUnion,1,Outside sources,"myFICO Forums: Which Report Will They Pull, Part 2 (state grid, as of 07/09/23)",As of Jul 2023
New Hampshire,NH,American Express,Major Banks & Card Issuers,Experian,4,Outside sources,Doctor of Credit: What Credit Bureau Does American Express Pull?,2014-2016
New Jersey,NJ,American Express,Major Banks & Card Issuers,Experian,16,Outside sources,Doctor of Credit: What Credit Bureau Does American Express Pull?,2014-2016
New Jersey,NJ,American Express,Major Banks & Card Issuers,Experian,1,Outside sources,"myFICO Forums: Which Report Will They Pull, Part 2 (state grid, as of 07/09/23)",As of Jul 2023
New Mexico,NM,American Express,Major Banks & Card Issuers,Experian,2,Outside sources,Doctor of Credit: What Credit Bureau Does American Express Pull?,2014-2016
Nevada,NV,American Express,Major Banks & Card Issuers,Experian,2,Outside sources,Doctor of Credit: What Credit Bureau Does American Express Pull?,2014-2016
New York,NY,American Express,Major Banks & Card Issuers,Experian,38,Outside sources,Doctor of Credit: What Credit Bureau Does American Express Pull?,2014-2016
New York,NY,American Express,Major Banks & Card Issuers,TransUnion,2,Outside sources,Doctor of Credit: What Credit Bureau Does American Express Pull?,2014-2016
New York,NY,American Express,Major Banks & Card Issuers,Experian,1,Outside sources,"myFICO Forums: Which Report Will They Pull, Part 2 (state grid, as of 07/09/23)",As of Jul 2023
Ohio,OH,American Express,Major Banks & Card Issuers,Experian,8,Outside sources,Doctor of Credit: What Credit Bureau Does American Express Pull?,2014-2016
Ohio,OH,American Express,Major Banks & Card Issuers,Experian,1,Outside sources,"myFICO Forums: Which Report Will They Pull, Part 2 (state grid, as of 07/09/23)",As of Jul 2023
Oklahoma,OK,American Express,Major Banks & Card Issuers,Experian,3,Outside sources,Doctor of Credit: What Credit Bureau Does American Express Pull?,2014-2016
Oklahoma,OK,American Express,Major Banks & Card Issuers,Experian,1,Outside sources,"myFICO Forums: Which Report Will They Pull, Part 2 (state grid, as of 07/09/23)",As of Jul 2023
Oklahoma,OK,American Express,Major Banks & Card Issuers,TransUnion,1,Outside sources,"myFICO Forums: Which Report Will They Pull, Part 2 (state grid, as of 07/09/23)",As of Jul 2023
Oregon,OR,American Express,Major Banks & Card Issuers,Experian,6,Outside sources,Doctor of Credit: What Credit Bureau Does American Express Pull?,2014-2016
Pennsylvania,PA,American Express,Major Banks & Card Issuers,Experian,9,Outside sources,Doctor of Credit: What Credit Bureau Does American Express Pull?,2014-2016
Pennsylvania,PA,American Express,Major Banks & Card Issuers,Experian,1,Outside sources,"myFICO Forums: Which Report Will They Pull, Part 2 (state grid, as of 07/09/23)",As of Jul 2023
South Carolina,SC,American Express,Major Banks & Card Issuers,Experian,6,Outside sources,Doctor of Credit: What Credit Bureau Does American Express Pull?,2014-2016
South Carolina,SC,American Express,Major Banks & Card Issuers,Experian,1,Outside sources,"myFICO Forums: Which Report Will They Pull, Part 2 (state grid, as of 07/09/23)",As of Jul 2023
Tennessee,TN,American Express,Major Banks & Card Issuers,Experian,7,Outside sources,Doctor of Credit: What Credit Bureau Does American Express Pull?,2014-2016
Texas,TX,American Express,Major Banks & Card Issuers,Experian,43,Outside sources,Doctor of Credit: What Credit Bureau Does American Express Pull?,2014-2016
Texas,TX,American Express,Major Banks & Card Issuers,Equifax,1,Outside sources,Doctor of Credit: What Credit Bureau Does American Express Pull?,2014-2016
Texas,TX,American Express,Major Banks & Card Issuers,TransUnion,1,Outside sources,Doctor of Credit: What Credit Bureau Does American Express Pull?,2014-2016
Texas,TX,American Express,Major Banks & Card Issuers,Experian,1,Outside sources,"myFICO Forums: Which Report Will They Pull, Part 2 (state grid, as of 07/09/23)",As of Jul 2023
Utah,UT,American Express,Major Banks & Card Issuers,Experian,3,Outside sources,Doctor of Credit: What Credit Bureau Does American Express Pull?,2014-2016
Virginia,VA,American Express,Major Banks & Card Issuers,Experian,4,Outside sources,Doctor of Credit: What Credit Bureau Does American Express Pull?,2014-2016
Virginia,VA,American Express,Major Banks & Card Issuers,Equifax,2,Outside sources,Doctor of Credit: What Credit Bureau Does American Express Pull?,2014-2016
Virginia,VA,American Express,Major Banks & Card Issuers,TransUnion,1,Outside sources,Doctor of Credit: What Credit Bureau Does American Express Pull?,2014-2016
Virginia,VA,American Express,Major Banks & Card Issuers,Experian,1,Outside sources,"myFICO Forums: Which Report Will They Pull, Part 2 (state grid, as of 07/09/23)",As of Jul 2023
Virginia,VA,American Express,Major Banks & Card Issuers,TransUnion,1,Outside sources,"myFICO Forums: Which Report Will They Pull, Part 2 (state grid, as of 07/09/23)",As of Jul 2023
Washington,WA,American Express,Major Banks & Card Issuers,Experian,15,Outside sources,Doctor of Credit: What Credit Bureau Does American Express Pull?,2014-2016
Washington,WA,American Express,Major Banks & Card Issuers,Equifax,1,Outside sources,Doctor of Credit: What Credit Bureau Does American Express Pull?,2014-2016
Washington,WA,American Express,Major Banks & Card Issuers,Experian,1,Outside sources,"myFICO Forums: Which Report Will They Pull, Part 2 (state grid, as of 07/09/23)",As of Jul 2023
Wisconsin,WI,American Express,Major Banks & Card Issuers,Experian,4,Outside sources,Doctor of Credit: What Credit Bureau Does American Express Pull?,2014-2016
Alabama,AL,AOD Federal Credit Union,Credit Unions,Equifax,1,Outside sources,"myFICO Forums: Which Report Will They Pull, Part 2 (state grid, as of 07/09/23)",As of Jul 2023
California,CA,AOD Federal Credit Union,Credit Unions,Equifax,1,Outside sources,"myFICO Forums: Which Report Will They Pull, Part 2 (state grid, as of 07/09/23)",As of Jul 2023
Colorado,CO,AOD Federal Credit Union,Credit Unions,Equifax,1,Outside sources,"myFICO Forums: Which Report Will They Pull, Part 2 (state grid, as of 07/09/23)",As of Jul 2023
Florida,FL,AOD Federal Credit Union,Credit Unions,Equifax,1,Outside sources,"myFICO Forums: Which Report Will They Pull, Part 2 (state grid, as of 07/09/23)",As of Jul 2023
Illinois,IL,AOD Federal Credit Union,Credit Unions,Equifax,1,Outside sources,"myFICO Forums: Which Report Will They Pull, Part 2 (state grid, as of 07/09/23)",As of Jul 2023
Indiana,IN,AOD Federal Credit Union,Credit Unions,Equifax,1,Outside sources,"myFICO Forums: Which Report Will They Pull, Part 2 (state grid, as of 07/09/23)",As of Jul 2023
Louisiana,LA,AOD Federal Credit Union,Credit Unions,Equifax,1,Outside sources,"myFICO Forums: Which Report Will They Pull, Part 2 (state grid, as of 07/09/23)",As of Jul 2023
New Jersey,NJ,AOD Federal Credit Union,Credit Unions,Equifax,1,Outside sources,"myFICO Forums: Which Report Will They Pull, Part 2 (state grid, as of 07/09/23)",As of Jul 2023
Nevada,NV,AOD Federal Credit Union,Credit Unions,Equifax,1,Outside sources,"myFICO Forums: Which Report Will They Pull, Part 2 (state grid, as of 07/09/23)",As of Jul 2023
New York,NY,AOD Federal Credit Union,Credit Unions,Equifax,1,Outside sources,"myFICO Forums: Which Report Will They Pull, Part 2 (state grid, as of 07/09/23)",As of Jul 2023
Pennsylvania,PA,AOD Federal Credit Union,Credit Unions,Equifax,1,Outside sources,"myFICO Forums: Which Report Will They Pull, Part 2 (state grid, as of 07/09/23)",As of Jul 2023
South Carolina,SC,AOD Federal Credit Union,Credit Unions,Equifax,1,Outside sources,"myFICO Forums: Which Report Will They Pull, Part 2 (state grid, as of 07/09/23)",As of Jul 2023
Kansas,KS,Arvest Bank,Not in lender database,TransUnion,1,Outside sources,"myFICO Forums: Which Report Will They Pull, Part 2 (state grid, as of 07/09/23)",As of Jul 2023
Pennsylvania,PA,Aspire CU,Not in lender database,Experian,1,Outside sources,"myFICO Forums: Which Report Will They Pull, Part 2 (state grid, as of 07/09/23)",As of Jul 2023
Kansas,KS,Azura Federal CU,Not in lender database,TransUnion,1,Outside sources,"myFICO Forums: Which Report Will They Pull, Part 2 (state grid, as of 07/09/23)",As of Jul 2023
California,CA,Elan Financial Services (U.S. Bank subsidiary),Major Banks & Card Issuers,TransUnion,1,Outside sources,"myFICO Forums: Which Report Will They Pull, Part 2 (state grid, as of 07/09/23)",As of Jul 2023
Alaska,AK,Bank of America,Major Banks & Card Issuers,Experian,1,Outside sources,Doctor of Credit: What Credit Bureau Does Bank of America Pull?,2014 onward
Alabama,AL,Bank of America,Major Banks & Card Issuers,Experian,2,Outside sources,Doctor of Credit: What Credit Bureau Does Bank of America Pull?,2014 onward
Alabama,AL,Bank of America,Major Banks & Card Issuers,TransUnion,1,Outside sources,MyBankTracker: Which Credit Report Does Bank of America Pull?,2016-2017
Arkansas,AR,Bank of America,Major Banks & Card Issuers,Experian,2,Outside sources,Doctor of Credit: What Credit Bureau Does Bank of America Pull?,2014 onward
Arkansas,AR,Bank of America,Major Banks & Card Issuers,Experian,1,Outside sources,MyBankTracker: Which Credit Report Does Bank of America Pull?,2016-2017
Arizona,AZ,Bank of America,Major Banks & Card Issuers,Equifax,1,Outside sources,Doctor of Credit: What Credit Bureau Does Bank of America Pull?,2014 onward
Arizona,AZ,Bank of America,Major Banks & Card Issuers,TransUnion,1,Outside sources,Doctor of Credit: What Credit Bureau Does Bank of America Pull?,2014 onward
Arizona,AZ,Bank of America,Major Banks & Card Issuers,Experian,1,Outside sources,MyBankTracker: Which Credit Report Does Bank of America Pull?,2016-2017
California,CA,Bank of America,Major Banks & Card Issuers,Experian,15,Outside sources,Doctor of Credit: What Credit Bureau Does Bank of America Pull?,2014 onward
California,CA,Bank of America,Major Banks & Card Issuers,Equifax,4,Outside sources,Doctor of Credit: What Credit Bureau Does Bank of America Pull?,2014 onward
California,CA,Bank of America,Major Banks & Card Issuers,TransUnion,6,Outside sources,Doctor of Credit: What Credit Bureau Does Bank of America Pull?,2014 onward
California,CA,Bank of America,Major Banks & Card Issuers,Experian,1,Outside sources,MyBankTracker: Which Credit Report Does Bank of America Pull?,2016-2017
California,CA,Bank of America,Major Banks & Card Issuers,Equifax,1,Outside sources,MyBankTracker: Which Credit Report Does Bank of America Pull?,2016-2017
California,CA,Bank of America,Major Banks & Card Issuers,TransUnion,1,Outside sources,MyBankTracker: Which Credit Report Does Bank of America Pull?,2016-2017
California,CA,Bank of America,Major Banks & Card Issuers,Experian,1,Outside sources,"myFICO Forums: Which Report Will They Pull, Part 2 (state grid, as of 07/09/23)",As of Jul 2023
Colorado,CO,Bank of America,Major Banks & Card Issuers,TransUnion,3,Outside sources,Doctor of Credit: What Credit Bureau Does Bank of America Pull?,2014 onward
Colorado,CO,Bank of America,Major Banks & Card Issuers,TransUnion,1,Outside sources,MyBankTracker: Which Credit Report Does Bank of America Pull?,2016-2017
Connecticut,CT,Bank of America,Major Banks & Card Issuers,TransUnion,1,Outside sources,Doctor of Credit: What Credit Bureau Does Bank of America Pull?,2014 onward
District of Columbia,DC,Bank of America,Major Banks & Card Issuers,Experian,1,Outside sources,Doctor of Credit: What Credit Bureau Does Bank of America Pull?,2014 onward
Delaware,DE,Bank of America,Major Banks & Card Issuers,Experian,1,Outside sources,Doctor of Credit: What Credit Bureau Does Bank of America Pull?,2014 onward
Delaware,DE,Bank of America,Major Banks & Card Issuers,TransUnion,1,Outside sources,Doctor of Credit: What Credit Bureau Does Bank of America Pull?,2014 onward
Florida,FL,Bank of America,Major Banks & Card Issuers,Experian,10,Outside sources,Doctor of Credit: What Credit Bureau Does Bank of America Pull?,2014 onward
Florida,FL,Bank of America,Major Banks & Card Issuers,TransUnion,2,Outside sources,Doctor of Credit: What Credit Bureau Does Bank of America Pull?,2014 onward
Florida,FL,Bank of America,Major Banks & Card Issuers,Experian,1,Outside sources,MyBankTracker: Which Credit Report Does Bank of America Pull?,2016-2017
Florida,FL,Bank of America,Major Banks & Card Issuers,Equifax,1,Outside sources,MyBankTracker: Which Credit Report Does Bank of America Pull?,2016-2017
Florida,FL,Bank of America,Major Banks & Card Issuers,TransUnion,1,Outside sources,MyBankTracker: Which Credit Report Does Bank of America Pull?,2016-2017
Florida,FL,Bank of America,Major Banks & Card Issuers,TransUnion,1,Outside sources,"myFICO Forums: Which Report Will They Pull, Part 2 (state grid, as of 07/09/23)",As of Jul 2023
Georgia,GA,Bank of America,Major Banks & Card Issuers,Experian,4,Outside sources,Doctor of Credit: What Credit Bureau Does Bank of America Pull?,2014 onward
Georgia,GA,Bank of America,Major Banks & Card Issuers,TransUnion,2,Outside sources,Doctor of Credit: What Credit Bureau Does Bank of America Pull?,2014 onward
Georgia,GA,Bank of America,Major Banks & Card Issuers,TransUnion,1,Outside sources,MyBankTracker: Which Credit Report Does Bank of America Pull?,2016-2017
Georgia,GA,Bank of America,Major Banks & Card Issuers,Experian,1,Outside sources,"myFICO Forums: Which Report Will They Pull, Part 2 (state grid, as of 07/09/23)",As of Jul 2023
Georgia,GA,Bank of America,Major Banks & Card Issuers,TransUnion,1,Outside sources,"myFICO Forums: Which Report Will They Pull, Part 2 (state grid, as of 07/09/23)",As of Jul 2023
Hawaii,HI,Bank of America,Major Banks & Card Issuers,Equifax,1,Outside sources,Doctor of Credit: What Credit Bureau Does Bank of America Pull?,2014 onward
Hawaii,HI,Bank of America,Major Banks & Card Issuers,TransUnion,1,Outside sources,Doctor of Credit: What Credit Bureau Does Bank of America Pull?,2014 onward
Idaho,ID,Bank of America,Major Banks & Card Issuers,Experian,2,Outside sources,Doctor of Credit: What Credit Bureau Does Bank of America Pull?,2014 onward
Idaho,ID,Bank of America,Major Banks & Card Issuers,Experian,1,Outside sources,"myFICO Forums: Which Report Will They Pull, Part 2 (state grid, as of 07/09/23)",As of Jul 2023
Illinois,IL,Bank of America,Major Banks & Card Issuers,Experian,11,Outside sources,Doctor of Credit: What Credit Bureau Does Bank of America Pull?,2014 onward
Illinois,IL,Bank of America,Major Banks & Card Issuers,Equifax,1,Outside sources,Doctor of Credit: What Credit Bureau Does Bank of America Pull?,2014 onward
Illinois,IL,Bank of America,Major Banks & Card Issuers,TransUnion,2,Outside sources,Doctor of Credit: What Credit Bureau Does Bank of America Pull?,2014 onward
Illinois,IL,Bank of America,Major Banks & Card Issuers,Experian,1,Outside sources,MyBankTracker: Which Credit Report Does Bank of America Pull?,2016-2017
Illinois,IL,Bank of America,Major Banks & Card Issuers,TransUnion,1,Outside sources,MyBankTracker: Which Credit Report Does Bank of America Pull?,2016-2017
Illinois,IL,Bank of America,Major Banks & Card Issuers,TransUnion,1,Outside sources,"myFICO Forums: Which Report Will They Pull, Part 2 (state grid, as of 07/09/23)",As of Jul 2023
Kentucky,KY,Bank of America,Major Banks & Card Issuers,Experian,1,Outside sources,Doctor of Credit: What Credit Bureau Does Bank of America Pull?,2014 onward
Kentucky,KY,Bank of America,Major Banks & Card Issuers,TransUnion,1,Outside sources,Doctor of Credit: What Credit Bureau Does Bank of America Pull?,2014 onward
Kentucky,KY,Bank of America,Major Banks & Card Issuers,Experian,1,Outside sources,MyBankTracker: Which Credit Report Does Bank of America Pull?,2016-2017
Kentucky,KY,Bank of America,Major Banks & Card Issuers,TransUnion,1,Outside sources,MyBankTracker: Which Credit Report Does Bank of America Pull?,2016-2017
Kentucky,KY,Bank of America,Major Banks & Card Issuers,Experian,1,Outside sources,"myFICO Forums: Which Report Will They Pull, Part 2 (state grid, as of 07/09/23)",As of Jul 2023
Louisiana,LA,Bank of America,Major Banks & Card Issuers,Experian,1,Outside sources,Doctor of Credit: What Credit Bureau Does Bank of America Pull?,2014 onward
Louisiana,LA,Bank of America,Major Banks & Card Issuers,Equifax,1,Outside sources,Doctor of Credit: What Credit Bureau Does Bank of America Pull?,2014 onward
Louisiana,LA,Bank of America,Major Banks & Card Issuers,TransUnion,2,Outside sources,Doctor of Credit: What Credit Bureau Does Bank of America Pull?,2014 onward
Massachusetts,MA,Bank of America,Major Banks & Card Issuers,Experian,7,Outside sources,Doctor of Credit: What Credit Bureau Does Bank of America Pull?,2014 onward
Massachusetts,MA,Bank of America,Major Banks & Card Issuers,TransUnion,3,Outside sources,Doctor of Credit: What Credit Bureau Does Bank of America Pull?,2014 onward
Massachusetts,MA,Bank of America,Major Banks & Card Issuers,Experian,1,Outside sources,MyBankTracker: Which Credit Report Does Bank of America Pull?,2016-2017
Massachusetts,MA,Bank of America,Major Banks & Card Issuers,Experian,1,Outside sources,"myFICO Forums: Which Report Will They Pull, Part 2 (state grid, as of 07/09/23)",As of Jul 2023
Maryland,MD,Bank of America,Major Banks & Card Issuers,Experian,1,Outside sources,Doctor of Credit: What Credit Bureau Does Bank of America Pull?,2014 onward
Maryland,MD,Bank of America,Major Banks & Card Issuers,TransUnion,2,Outside sources,Doctor of Credit: What Credit Bureau Does Bank of America Pull?,2014 onward
Maryland,MD,Bank of America,Major Banks & Card Issuers,Experian,1,Outside sources,MyBankTracker: Which Credit Report Does Bank of America Pull?,2016-2017
Michigan,MI,Bank of America,Major Banks & Card Issuers,Experian,1,Outside sources,Doctor of Credit: What Credit Bureau Does Bank of America Pull?,2014 onward
Michigan,MI,Bank of America,Major Banks & Card Issuers,TransUnion,3,Outside sources,Doctor of Credit: What Credit Bureau Does Bank of America Pull?,2014 onward
Minnesota,MN,Bank of America,Major Banks & Card Issuers,Equifax,1,Outside sources,Doctor of Credit: What Credit Bureau Does Bank of America Pull?,2014 onward
Minnesota,MN,Bank of America,Major Banks & Card Issuers,Experian,1,Outside sources,MyBankTracker: Which Credit Report Does Bank of America Pull?,2016-2017
Minnesota,MN,Bank of America,Major Banks & Card Issuers,Experian,1,Outside sources,"myFICO Forums: Which Report Will They Pull, Part 2 (state grid, as of 07/09/23)",As of Jul 2023
Missouri,MO,Bank of America,Major Banks & Card Issuers,Experian,1,Outside sources,MyBankTracker: Which Credit Report Does Bank of America Pull?,2016-2017
Mississippi,MS,Bank of America,Major Banks & Card Issuers,Experian,1,Outside sources,Doctor of Credit: What Credit Bureau Does Bank of America Pull?,2014 onward
Mississippi,MS,Bank of America,Major Banks & Card Issuers,Experian,1,Outside sources,MyBankTracker: Which Credit Report Does Bank of America Pull?,2016-2017
North Carolina,NC,Bank of America,Major Banks & Card Issuers,Experian,3,Outside sources,Doctor of Credit: What Credit Bureau Does Bank of America Pull?,2014 onward
North Carolina,NC,Bank of America,Major Banks & Card Issuers,Equifax,2,Outside sources,Doctor of Credit: What Credit Bureau Does Bank of America Pull?,2014 onward
North Carolina,NC,Bank of America,Major Banks & Card Issuers,TransUnion,2,Outside sources,Doctor of Credit: What Credit Bureau Does Bank of America Pull?,2014 onward
North Carolina,NC,Bank of America,Major Banks & Card Issuers,Experian,1,Outside sources,MyBankTracker: Which Credit Report Does Bank of America Pull?,2016-2017
North Carolina,NC,Bank of America,Major Banks & Card Issuers,Equifax,1,Outside sources,MyBankTracker: Which Credit Report Does Bank of America Pull?,2016-2017
North Carolina,NC,Bank of America,Major Banks & Card Issuers,TransUnion,1,Outside sources,MyBankTracker: Which Credit Report Does Bank of America Pull?,2016-2017
North Carolina,NC,Bank of America,Major Banks & Card Issuers,Experian,1,Outside sources,"myFICO Forums: Which Report Will They Pull, Part 2 (state grid, as of 07/09/23)",As of Jul 2023
New Hampshire,NH,Bank of America,Major Banks & Card Issuers,Experian,1,Outside sources,Doctor of Credit: What Credit Bureau Does Bank of America Pull?,2014 onward
New Hampshire,NH,Bank of America,Major Banks & Card Issuers,TransUnion,1,Outside sources,Doctor of Credit: What Credit Bureau Does Bank of America Pull?,2014 onward
New Jersey,NJ,Bank of America,Major Banks & Card Issuers,Experian,3,Outside sources,Doctor of Credit: What Credit Bureau Does Bank of America Pull?,2014 onward
New Jersey,NJ,Bank of America,Major Banks & Card Issuers,TransUnion,1,Outside sources,Doctor of Credit: What Credit Bureau Does Bank of America Pull?,2014 onward
New Jersey,NJ,Bank of America,Major Banks & Card Issuers,Experian,1,Outside sources,MyBankTracker: Which Credit Report Does Bank of America Pull?,2016-2017
New Jersey,NJ,Bank of America,Major Banks & Card Issuers,Experian,1,Outside sources,"myFICO Forums: Which Report Will They Pull, Part 2 (state grid, as of 07/09/23)",As of Jul 2023
New Jersey,NJ,Bank of America,Major Banks & Card Issuers,TransUnion,1,Outside sources,"myFICO Forums: Which Report Will They Pull, Part 2 (state grid, as of 07/09/23)",As of Jul 2023
New Mexico,NM,Bank of America,Major Banks & Card Issuers,Experian,1,Outside sources,"myFICO Forums: Which Report Will They Pull, Part 2 (state grid, as of 07/09/23)",As of Jul 2023
Nevada,NV,Bank of America,Major Banks & Card Issuers,Experian,1,Outside sources,Doctor of Credit: What Credit Bureau Does Bank of America Pull?,2014 onward
Nevada,NV,Bank of America,Major Banks & Card Issuers,TransUnion,1,Outside sources,Doctor of Credit: What Credit Bureau Does Bank of America Pull?,2014 onward
Nevada,NV,Bank of America,Major Banks & Card Issuers,Experian,1,Outside sources,MyBankTracker: Which Credit Report Does Bank of America Pull?,2016-2017
Nevada,NV,Bank of America,Major Banks & Card Issuers,Equifax,1,Outside sources,MyBankTracker: Which Credit Report Does Bank of America Pull?,2016-2017
New York,NY,Bank of America,Major Banks & Card Issuers,Experian,5,Outside sources,Doctor of Credit: What Credit Bureau Does Bank of America Pull?,2014 onward
New York,NY,Bank of America,Major Banks & Card Issuers,Equifax,1,Outside sources,Doctor of Credit: What Credit Bureau Does Bank of America Pull?,2014 onward
New York,NY,Bank of America,Major Banks & Card Issuers,TransUnion,3,Outside sources,Doctor of Credit: What Credit Bureau Does Bank of America Pull?,2014 onward
New York,NY,Bank of America,Major Banks & Card Issuers,Experian,1,Outside sources,MyBankTracker: Which Credit Report Does Bank of America Pull?,2016-2017
New York,NY,Bank of America,Major Banks & Card Issuers,Experian,1,Outside sources,"myFICO Forums: Which Report Will They Pull, Part 2 (state grid, as of 07/09/23)",As of Jul 2023
Ohio,OH,Bank of America,Major Banks & Card Issuers,Experian,1,Outside sources,MyBankTracker: Which Credit Report Does Bank of America Pull?,2016-2017
Oregon,OR,Bank of America,Major Banks & Card Issuers,Experian,1,Outside sources,Doctor of Credit: What Credit Bureau Does Bank of America Pull?,2014 onward
Oregon,OR,Bank of America,Major Banks & Card Issuers,TransUnion,2,Outside sources,Doctor of Credit: What Credit Bureau Does Bank of America Pull?,2014 onward
Oregon,OR,Bank of America,Major Banks & Card Issuers,Experian,1,Outside sources,MyBankTracker: Which Credit Report Does Bank of America Pull?,2016-2017
Oregon,OR,Bank of America,Major Banks & Card Issuers,TransUnion,1,Outside sources,MyBankTracker: Which Credit Report Does Bank of America Pull?,2016-2017
Pennsylvania,PA,Bank of America,Major Banks & Card Issuers,Experian,4,Outside sources,Doctor of Credit: What Credit Bureau Does Bank of America Pull?,2014 onward
Pennsylvania,PA,Bank of America,Major Banks & Card Issuers,TransUnion,2,Outside sources,Doctor of Credit: What Credit Bureau Does Bank of America Pull?,2014 onward
Pennsylvania,PA,Bank of America,Major Banks & Card Issuers,Experian,1,Outside sources,MyBankTracker: Which Credit Report Does Bank of America Pull?,2016-2017
Pennsylvania,PA,Bank of America,Major Banks & Card Issuers,TransUnion,1,Outside sources,MyBankTracker: Which Credit Report Does Bank of America Pull?,2016-2017
Pennsylvania,PA,Bank of America,Major Banks & Card Issuers,Experian,1,Outside sources,"myFICO Forums: Which Report Will They Pull, Part 2 (state grid, as of 07/09/23)",As of Jul 2023
Pennsylvania,PA,Bank of America,Major Banks & Card Issuers,TransUnion,1,Outside sources,"myFICO Forums: Which Report Will They Pull, Part 2 (state grid, as of 07/09/23)",As of Jul 2023
Rhode Island,RI,Bank of America,Major Banks & Card Issuers,Experian,1,Outside sources,Doctor of Credit: What Credit Bureau Does Bank of America Pull?,2014 onward
South Carolina,SC,Bank of America,Major Banks & Card Issuers,Experian,1,Outside sources,Doctor of Credit: What Credit Bureau Does Bank of America Pull?,2014 onward
South Carolina,SC,Bank of America,Major Banks & Card Issuers,TransUnion,1,Outside sources,Doctor of Credit: What Credit Bureau Does Bank of America Pull?,2014 onward
South Carolina,SC,Bank of America,Major Banks & Card Issuers,TransUnion,1,Outside sources,MyBankTracker: Which Credit Report Does Bank of America Pull?,2016-2017
South Carolina,SC,Bank of America,Major Banks & Card Issuers,Experian,1,Outside sources,"myFICO Forums: Which Report Will They Pull, Part 2 (state grid, as of 07/09/23)",As of Jul 2023
South Carolina,SC,Bank of America,Major Banks & Card Issuers,TransUnion,1,Outside sources,"myFICO Forums: Which Report Will They Pull, Part 2 (state grid, as of 07/09/23)",As of Jul 2023
Tennessee,TN,Bank of America,Major Banks & Card Issuers,Experian,1,Outside sources,MyBankTracker: Which Credit Report Does Bank of America Pull?,2016-2017
Texas,TX,Bank of America,Major Banks & Card Issuers,Experian,13,Outside sources,Doctor of Credit: What Credit Bureau Does Bank of America Pull?,2014 onward
Texas,TX,Bank of America,Major Banks & Card Issuers,TransUnion,8,Outside sources,Doctor of Credit: What Credit Bureau Does Bank of America Pull?,2014 onward
Texas,TX,Bank of America,Major Banks & Card Issuers,Experian,1,Outside sources,MyBankTracker: Which Credit Report Does Bank of America Pull?,2016-2017
Texas,TX,Bank of America,Major Banks & Card Issuers,TransUnion,1,Outside sources,MyBankTracker: Which Credit Report Does Bank of America Pull?,2016-2017
Texas,TX,Bank of America,Major Banks & Card Issuers,Experian,1,Outside sources,"myFICO Forums: Which Report Will They Pull, Part 2 (state grid, as of 07/09/23)",As of Jul 2023
Texas,TX,Bank of America,Major Banks & Card Issuers,TransUnion,1,Outside sources,"myFICO Forums: Which Report Will They Pull, Part 2 (state grid, as of 07/09/23)",As of Jul 2023
Virginia,VA,Bank of America,Major Banks & Card Issuers,Experian,1,Outside sources,Doctor of Credit: What Credit Bureau Does Bank of America Pull?,2014 onward
Virginia,VA,Bank of America,Major Banks & Card Issuers,Experian,1,Outside sources,MyBankTracker: Which Credit Report Does Bank of America Pull?,2016-2017
Virginia,VA,Bank of America,Major Banks & Card Issuers,Experian,1,Outside sources,"myFICO Forums: Which Report Will They Pull, Part 2 (state grid, as of 07/09/23)",As of Jul 2023
Washington,WA,Bank of America,Major Banks & Card Issuers,Experian,6,Outside sources,Doctor of Credit: What Credit Bureau Does Bank of America Pull?,2014 onward
Washington,WA,Bank of America,Major Banks & Card Issuers,Equifax,2,Outside sources,Doctor of Credit: What Credit Bureau Does Bank of America Pull?,2014 onward
Washington,WA,Bank of America,Major Banks & Card Issuers,TransUnion,2,Outside sources,Doctor of Credit: What Credit Bureau Does Bank of America Pull?,2014 onward
Washington,WA,Bank of America,Major Banks & Card Issuers,Experian,1,Outside sources,MyBankTracker: Which Credit Report Does Bank of America Pull?,2016-2017
Washington,WA,Bank of America,Major Banks & Card Issuers,Equifax,1,Outside sources,MyBankTracker: Which Credit Report Does Bank of America Pull?,2016-2017
Washington,WA,Bank of America,Major Banks & Card Issuers,TransUnion,1,Outside sources,MyBankTracker: Which Credit Report Does Bank of America Pull?,2016-2017
Washington,WA,Bank of America,Major Banks & Card Issuers,Experian,1,Outside sources,"myFICO Forums: Which Report Will They Pull, Part 2 (state grid, as of 07/09/23)",As of Jul 2023
Wisconsin,WI,Bank of America,Major Banks & Card Issuers,Equifax,1,Outside sources,Doctor of Credit: What Credit Bureau Does Bank of America Pull?,2014 onward
West Virginia,WV,Bank of America,Major Banks & Card Issuers,Experian,1,Outside sources,"myFICO Forums: Which Report Will They Pull, Part 2 (state grid, as of 07/09/23)",As of Jul 2023
New York,NY,Bank of Missouri (Ollo/SoFi),Not in lender database,Experian,1,Outside sources,"myFICO Forums: Which Report Will They Pull, Part 2 (state grid, as of 07/09/23)",As of Jul 2023
Pennsylvania,PA,Bank of Missouri (Ollo/SoFi),Not in lender database,TransUnion,1,Outside sources,"myFICO Forums: Which Report Will They Pull, Part 2 (state grid, as of 07/09/23)",As of Jul 2023
California,CA,Barclays Bank Delaware,Major Banks & Card Issuers,TransUnion,1,Outside sources,"myFICO Forums: Which Report Will They Pull, Part 2 (state grid, as of 07/09/23)",As of Jul 2023
Florida,FL,Barclays Bank Delaware,Major Banks & Card Issuers,TransUnion,1,Outside sources,"myFICO Forums: Which Report Will They Pull, Part 2 (state grid, as of 07/09/23)",As of Jul 2023
Georgia,GA,Barclays Bank Delaware,Major Banks & Card Issuers,Experian,1,Outside sources,"myFICO Forums: Which Report Will They Pull, Part 2 (state grid, as of 07/09/23)",As of Jul 2023
Georgia,GA,Barclays Bank Delaware,Major Banks & Card Issuers,TransUnion,1,Outside sources,"myFICO Forums: Which Report Will They Pull, Part 2 (state grid, as of 07/09/23)",As of Jul 2023
Minnesota,MN,Barclays Bank Delaware,Major Banks & Card Issuers,TransUnion,1,Outside sources,"myFICO Forums: Which Report Will They Pull, Part 2 (state grid, as of 07/09/23)",As of Jul 2023
New Jersey,NJ,Barclays Bank Delaware,Major Banks & Card Issuers,TransUnion,1,Outside sources,"myFICO Forums: Which Report Will They Pull, Part 2 (state grid, as of 07/09/23)",As of Jul 2023
New Mexico,NM,Barclays Bank Delaware,Major Banks & Card Issuers,TransUnion,1,Outside sources,"myFICO Forums: Which Report Will They Pull, Part 2 (state grid, as of 07/09/23)",As of Jul 2023
New York,NY,Barclays Bank Delaware,Major Banks & Card Issuers,TransUnion,1,Outside sources,"myFICO Forums: Which Report Will They Pull, Part 2 (state grid, as of 07/09/23)",As of Jul 2023
Pennsylvania,PA,Barclays Bank Delaware,Major Banks & Card Issuers,Experian,1,Outside sources,"myFICO Forums: Which Report Will They Pull, Part 2 (state grid, as of 07/09/23)",As of Jul 2023
Texas,TX,Barclays Bank Delaware,Major Banks & Card Issuers,Experian,1,Outside sources,"myFICO Forums: Which Report Will They Pull, Part 2 (state grid, as of 07/09/23)",As of Jul 2023
Texas,TX,Barclays Bank Delaware,Major Banks & Card Issuers,TransUnion,1,Outside sources,"myFICO Forums: Which Report Will They Pull, Part 2 (state grid, as of 07/09/23)",As of Jul 2023
Florida,FL,Truist Bank (formerly SunTrust and BB&T),Regional & Community Banks,Equifax,1,Outside sources,"myFICO Forums: Which Report Will They Pull, Part 2 (state grid, as of 07/09/23)",As of Jul 2023
New Jersey,NJ,Truist Bank (formerly SunTrust and BB&T),Regional & Community Banks,Equifax,1,Outside sources,"myFICO Forums: Which Report Will They Pull, Part 2 (state grid, as of 07/09/23)",As of Jul 2023
Pennsylvania,PA,Truist Bank (formerly SunTrust and BB&T),Regional & Community Banks,Equifax,1,Outside sources,"myFICO Forums: Which Report Will They Pull, Part 2 (state grid, as of 07/09/23)",As of Jul 2023
South Carolina,SC,Truist Bank (formerly SunTrust and BB&T),Regional & Community Banks,Equifax,1,Outside sources,"myFICO Forums: Which Report Will They Pull, Part 2 (state grid, as of 07/09/23)",As of Jul 2023
Virginia,VA,Truist Bank (formerly SunTrust and BB&T),Regional & Community Banks,Equifax,1,Outside sources,"myFICO Forums: Which Report Will They Pull, Part 2 (state grid, as of 07/09/23)",As of Jul 2023
Alabama,AL,"BBVA USA (defunct, now PNC)",Regional & Community Banks,Experian,1,Outside sources,"myFICO Forums: Which Report Will They Pull, Part 2 (state grid, as of 07/09/23)",As of Jul 2023
Arizona,AZ,"BBVA USA (defunct, now PNC)",Regional & Community Banks,Experian,1,Outside sources,"myFICO Forums: Which Report Will They Pull, Part 2 (state grid, as of 07/09/23)",As of Jul 2023
California,CA,"BBVA USA (defunct, now PNC)",Regional & Community Banks,Experian,1,Outside sources,"myFICO Forums: Which Report Will They Pull, Part 2 (state grid, as of 07/09/23)",As of Jul 2023
Georgia,GA,"BBVA USA (defunct, now PNC)",Regional & Community Banks,Experian,1,Outside sources,"myFICO Forums: Which Report Will They Pull, Part 2 (state grid, as of 07/09/23)",As of Jul 2023
South Carolina,SC,BECU,Credit Unions,Equifax,1,Outside sources,"myFICO Forums: Which Report Will They Pull, Part 2 (state grid, as of 07/09/23)",As of Jul 2023
Indiana,IN,Beneficial State Bank (Aspiration),Not in lender database,Experian,1,Outside sources,"myFICO Forums: Which Report Will They Pull, Part 2 (state grid, as of 07/09/23)",As of Jul 2023
Minnesota,MN,Beneficial State Bank (Aspiration),Not in lender database,Experian,1,Outside sources,"myFICO Forums: Which Report Will They Pull, Part 2 (state grid, as of 07/09/23)",As of Jul 2023
California,CA,BMO (formerly BMO Harris),Regional & Community Banks,Experian,1,Outside sources,"myFICO Forums: Which Report Will They Pull, Part 2 (state grid, as of 07/09/23)",As of Jul 2023
Florida,FL,BMO (formerly BMO Harris),Regional & Community Banks,TransUnion,1,Outside sources,"myFICO Forums: Which Report Will They Pull, Part 2 (state grid, as of 07/09/23)",As of Jul 2023
Kansas,KS,BMO (formerly BMO Harris),Regional & Community Banks,TransUnion,1,Outside sources,"myFICO Forums: Which Report Will They Pull, Part 2 (state grid, as of 07/09/23)",As of Jul 2023
Michigan,MI,BMO (formerly BMO Harris),Regional & Community Banks,TransUnion,1,Outside sources,"myFICO Forums: Which Report Will They Pull, Part 2 (state grid, as of 07/09/23)",As of Jul 2023
Texas,TX,"Zions Bancorporation banks (Nevada State Bank, Amegy, California Bank & Trust, National Bank of Arizona, Vectra, Zions)",Regional & Community Banks,Experian,1,Outside sources,"myFICO Forums: Which Report Will They Pull, Part 2 (state grid, as of 07/09/23)",As of Jul 2023
Delaware,DE,Capital One,Major Banks & Card Issuers,Experian,1,Outside sources,"myFICO Forums: Which Report Will They Pull, Part 2 (state grid, as of 07/09/23)",As of Jul 2023
Delaware,DE,Capital One,Major Banks & Card Issuers,Equifax,1,Outside sources,"myFICO Forums: Which Report Will They Pull, Part 2 (state grid, as of 07/09/23)",As of Jul 2023
Delaware,DE,Capital One,Major Banks & Card Issuers,TransUnion,1,Outside sources,"myFICO Forums: Which Report Will They Pull, Part 2 (state grid, as of 07/09/23)",As of Jul 2023
Georgia,GA,Capital One,Major Banks & Card Issuers,Equifax,1,Outside sources,"myFICO Forums: Which Report Will They Pull, Part 2 (state grid, as of 07/09/23)",As of Jul 2023
Illinois,IL,Capital One,Major Banks & Card Issuers,Experian,1,Outside sources,"myFICO Forums: Which Report Will They Pull, Part 2 (state grid, as of 07/09/23)",As of Jul 2023
Illinois,IL,Capital One,Major Banks & Card Issuers,Equifax,1,Outside sources,"myFICO Forums: Which Report Will They Pull, Part 2 (state grid, as of 07/09/23)",As of Jul 2023
Illinois,IL,Capital One,Major Banks & Card Issuers,TransUnion,1,Outside sources,"myFICO Forums: Which Report Will They Pull, Part 2 (state grid, as of 07/09/23)",As of Jul 2023
Kansas,KS,Capital One,Major Banks & Card Issuers,Equifax,1,Outside sources,"myFICO Forums: Which Report Will They Pull, Part 2 (state grid, as of 07/09/23)",As of Jul 2023
Massachusetts,MA,Capital One,Major Banks & Card Issuers,Experian,1,Outside sources,"myFICO Forums: Which Report Will They Pull, Part 2 (state grid, as of 07/09/23)",As of Jul 2023
Massachusetts,MA,Capital One,Major Banks & Card Issuers,Equifax,1,Outside sources,"myFICO Forums: Which Report Will They Pull, Part 2 (state grid, as of 07/09/23)",As of Jul 2023
Massachusetts,MA,Capital One,Major Banks & Card Issuers,TransUnion,1,Outside sources,"myFICO Forums: Which Report Will They Pull, Part 2 (state grid, as of 07/09/23)",As of Jul 2023
New Jersey,NJ,Capital One,Major Banks & Card Issuers,Experian,1,Outside sources,"myFICO Forums: Which Report Will They Pull, Part 2 (state grid, as of 07/09/23)",As of Jul 2023
New Jersey,NJ,Capital One,Major Banks & Card Issuers,Equifax,1,Outside sources,"myFICO Forums: Which Report Will They Pull, Part 2 (state grid, as of 07/09/23)",As of Jul 2023
New Jersey,NJ,Capital One,Major Banks & Card Issuers,TransUnion,1,Outside sources,"myFICO Forums: Which Report Will They Pull, Part 2 (state grid, as of 07/09/23)",As of Jul 2023
Ohio,OH,Capital One,Major Banks & Card Issuers,Experian,1,Outside sources,"myFICO Forums: Which Report Will They Pull, Part 2 (state grid, as of 07/09/23)",As of Jul 2023
Texas,TX,Capital One,Major Banks & Card Issuers,Experian,1,Outside sources,"myFICO Forums: Which Report Will They Pull, Part 2 (state grid, as of 07/09/23)",As of Jul 2023
Texas,TX,Capital One,Major Banks & Card Issuers,Equifax,1,Outside sources,"myFICO Forums: Which Report Will They Pull, Part 2 (state grid, as of 07/09/23)",As of Jul 2023
Texas,TX,Capital One,Major Banks & Card Issuers,TransUnion,1,Outside sources,"myFICO Forums: Which Report Will They Pull, Part 2 (state grid, as of 07/09/23)",As of Jul 2023
Virginia,VA,Capital One,Major Banks & Card Issuers,Experian,1,Outside sources,"myFICO Forums: Which Report Will They Pull, Part 2 (state grid, as of 07/09/23)",As of Jul 2023
Virginia,VA,Capital One,Major Banks & Card Issuers,Equifax,1,Outside sources,"myFICO Forums: Which Report Will They Pull, Part 2 (state grid, as of 07/09/23)",As of Jul 2023
Virginia,VA,Capital One,Major Banks & Card Issuers,TransUnion,1,Outside sources,"myFICO Forums: Which Report Will They Pull, Part 2 (state grid, as of 07/09/23)",As of Jul 2023
Washington,WA,Capital One,Major Banks & Card Issuers,Experian,1,Outside sources,"myFICO Forums: Which Report Will They Pull, Part 2 (state grid, as of 07/09/23)",As of Jul 2023
Washington,WA,Capital One,Major Banks & Card Issuers,Equifax,1,Outside sources,"myFICO Forums: Which Report Will They Pull, Part 2 (state grid, as of 07/09/23)",As of Jul 2023
Pennsylvania,PA,"Celtic Bank (Indigo, Reflex and similar)",Subprime & Credit-Builder Products,TransUnion,1,Outside sources,"myFICO Forums: Which Report Will They Pull, Part 2 (state grid, as of 07/09/23)",As of Jul 2023
Massachusetts,MA,Chartway FCU,Not in lender database,Experian,1,Outside sources,"myFICO Forums: Which Report Will They Pull, Part 2 (state grid, as of 07/09/23)",As of Jul 2023
California,CA,JPMorgan Chase (Chase Card Services),Major Banks & Card Issuers,Experian,1,Outside sources,"myFICO Forums: Which Report Will They Pull, Part 2 (state grid, as of 07/09/23)",As of Jul 2023
California,CA,JPMorgan Chase (Chase Card Services),Major Banks & Card Issuers,Equifax,1,Outside sources,"myFICO Forums: Which Report Will They Pull, Part 2 (state grid, as of 07/09/23)",As of Jul 2023
Connecticut,CT,JPMorgan Chase (Chase Card Services),Major Banks & Card Issuers,Experian,1,Outside sources,"myFICO Forums: Which Report Will They Pull, Part 2 (state grid, as of 07/09/23)",As of Jul 2023
Florida,FL,JPMorgan Chase (Chase Card Services),Major Banks & Card Issuers,Experian,1,Outside sources,"myFICO Forums: Which Report Will They Pull, Part 2 (state grid, as of 07/09/23)",As of Jul 2023
Florida,FL,JPMorgan Chase (Chase Card Services),Major Banks & Card Issuers,Equifax,1,Outside sources,"myFICO Forums: Which Report Will They Pull, Part 2 (state grid, as of 07/09/23)",As of Jul 2023
Florida,FL,JPMorgan Chase (Chase Card Services),Major Banks & Card Issuers,TransUnion,1,Outside sources,"myFICO Forums: Which Report Will They Pull, Part 2 (state grid, as of 07/09/23)",As of Jul 2023
Georgia,GA,JPMorgan Chase (Chase Card Services),Major Banks & Card Issuers,Experian,1,Outside sources,"myFICO Forums: Which Report Will They Pull, Part 2 (state grid, as of 07/09/23)",As of Jul 2023
Georgia,GA,JPMorgan Chase (Chase Card Services),Major Banks & Card Issuers,Equifax,1,Outside sources,"myFICO Forums: Which Report Will They Pull, Part 2 (state grid, as of 07/09/23)",As of Jul 2023
Georgia,GA,JPMorgan Chase (Chase Card Services),Major Banks & Card Issuers,TransUnion,1,Outside sources,"myFICO Forums: Which Report Will They Pull, Part 2 (state grid, as of 07/09/23)",As of Jul 2023
Idaho,ID,JPMorgan Chase (Chase Card Services),Major Banks & Card Issuers,Experian,1,Outside sources,"myFICO Forums: Which Report Will They Pull, Part 2 (state grid, as of 07/09/23)",As of Jul 2023
Indiana,IN,JPMorgan Chase (Chase Card Services),Major Banks & Card Issuers,Experian,1,Outside sources,"myFICO Forums: Which Report Will They Pull, Part 2 (state grid, as of 07/09/23)",As of Jul 2023
Indiana,IN,JPMorgan Chase (Chase Card Services),Major Banks & Card Issuers,TransUnion,1,Outside sources,"myFICO Forums: Which Report Will They Pull, Part 2 (state grid, as of 07/09/23)",As of Jul 2023
Kentucky,KY,JPMorgan Chase (Chase Card Services),Major Banks & Card Issuers,TransUnion,1,Outside sources,"myFICO Forums: Which Report Will They Pull, Part 2 (state grid, as of 07/09/23)",As of Jul 2023
Massachusetts,MA,JPMorgan Chase (Chase Card Services),Major Banks & Card Issuers,Experian,1,Outside sources,"myFICO Forums: Which Report Will They Pull, Part 2 (state grid, as of 07/09/23)",As of Jul 2023
North Carolina,NC,JPMorgan Chase (Chase Card Services),Major Banks & Card Issuers,Experian,1,Outside sources,"myFICO Forums: Which Report Will They Pull, Part 2 (state grid, as of 07/09/23)",As of Jul 2023
North Carolina,NC,JPMorgan Chase (Chase Card Services),Major Banks & Card Issuers,Equifax,1,Outside sources,"myFICO Forums: Which Report Will They Pull, Part 2 (state grid, as of 07/09/23)",As of Jul 2023
North Carolina,NC,JPMorgan Chase (Chase Card Services),Major Banks & Card Issuers,TransUnion,1,Outside sources,"myFICO Forums: Which Report Will They Pull, Part 2 (state grid, as of 07/09/23)",As of Jul 2023
New Jersey,NJ,JPMorgan Chase (Chase Card Services),Major Banks & Card Issuers,Experian,1,Outside sources,"myFICO Forums: Which Report Will They Pull, Part 2 (state grid, as of 07/09/23)",As of Jul 2023
New Mexico,NM,JPMorgan Chase (Chase Card Services),Major Banks & Card Issuers,Experian,1,Outside sources,"myFICO Forums: Which Report Will They Pull, Part 2 (state grid, as of 07/09/23)",As of Jul 2023
New Mexico,NM,JPMorgan Chase (Chase Card Services),Major Banks & Card Issuers,TransUnion,1,Outside sources,"myFICO Forums: Which Report Will They Pull, Part 2 (state grid, as of 07/09/23)",As of Jul 2023
New York,NY,JPMorgan Chase (Chase Card Services),Major Banks & Card Issuers,Experian,1,Outside sources,"myFICO Forums: Which Report Will They Pull, Part 2 (state grid, as of 07/09/23)",As of Jul 2023
Ohio,OH,JPMorgan Chase (Chase Card Services),Major Banks & Card Issuers,Experian,1,Outside sources,"myFICO Forums: Which Report Will They Pull, Part 2 (state grid, as of 07/09/23)",As of Jul 2023
Ohio,OH,JPMorgan Chase (Chase Card Services),Major Banks & Card Issuers,TransUnion,1,Outside sources,"myFICO Forums: Which Report Will They Pull, Part 2 (state grid, as of 07/09/23)",As of Jul 2023
Pennsylvania,PA,JPMorgan Chase (Chase Card Services),Major Banks & Card Issuers,Experian,1,Outside sources,"myFICO Forums: Which Report Will They Pull, Part 2 (state grid, as of 07/09/23)",As of Jul 2023
Pennsylvania,PA,JPMorgan Chase (Chase Card Services),Major Banks & Card Issuers,TransUnion,1,Outside sources,"myFICO Forums: Which Report Will They Pull, Part 2 (state grid, as of 07/09/23)",As of Jul 2023
Texas,TX,JPMorgan Chase (Chase Card Services),Major Banks & Card Issuers,Experian,1,Outside sources,"myFICO Forums: Which Report Will They Pull, Part 2 (state grid, as of 07/09/23)",As of Jul 2023
Texas,TX,JPMorgan Chase (Chase Card Services),Major Banks & Card Issuers,Equifax,1,Outside sources,"myFICO Forums: Which Report Will They Pull, Part 2 (state grid, as of 07/09/23)",As of Jul 2023
Virginia,VA,JPMorgan Chase (Chase Card Services),Major Banks & Card Issuers,Experian,1,Outside sources,"myFICO Forums: Which Report Will They Pull, Part 2 (state grid, as of 07/09/23)",As of Jul 2023
Virginia,VA,JPMorgan Chase (Chase Card Services),Major Banks & Card Issuers,Equifax,1,Outside sources,"myFICO Forums: Which Report Will They Pull, Part 2 (state grid, as of 07/09/23)",As of Jul 2023
Virginia,VA,JPMorgan Chase (Chase Card Services),Major Banks & Card Issuers,TransUnion,1,Outside sources,"myFICO Forums: Which Report Will They Pull, Part 2 (state grid, as of 07/09/23)",As of Jul 2023
Washington,WA,JPMorgan Chase (Chase Card Services),Major Banks & Card Issuers,Experian,1,Outside sources,"myFICO Forums: Which Report Will They Pull, Part 2 (state grid, as of 07/09/23)",As of Jul 2023
Washington,WA,JPMorgan Chase (Chase Card Services),Major Banks & Card Issuers,Equifax,1,Outside sources,"myFICO Forums: Which Report Will They Pull, Part 2 (state grid, as of 07/09/23)",As of Jul 2023
Arizona,AZ,Citibank (Citi Cards / CBNA),Major Banks & Card Issuers,TransUnion,1,Outside sources,"myFICO Forums: Which Report Will They Pull, Part 2 (state grid, as of 07/09/23)",As of Jul 2023
California,CA,Citibank (Citi Cards / CBNA),Major Banks & Card Issuers,Experian,1,Outside sources,"myFICO Forums: Which Report Will They Pull, Part 2 (state grid, as of 07/09/23)",As of Jul 2023
California,CA,Citibank (Citi Cards / CBNA),Major Banks & Card Issuers,Equifax,1,Outside sources,"myFICO Forums: Which Report Will They Pull, Part 2 (state grid, as of 07/09/23)",As of Jul 2023
Delaware,DE,Citibank (Citi Cards / CBNA),Major Banks & Card Issuers,Equifax,1,Outside sources,"myFICO Forums: Which Report Will They Pull, Part 2 (state grid, as of 07/09/23)",As of Jul 2023
Florida,FL,Citibank (Citi Cards / CBNA),Major Banks & Card Issuers,Experian,1,Outside sources,"myFICO Forums: Which Report Will They Pull, Part 2 (state grid, as of 07/09/23)",As of Jul 2023
Florida,FL,Citibank (Citi Cards / CBNA),Major Banks & Card Issuers,Equifax,1,Outside sources,"myFICO Forums: Which Report Will They Pull, Part 2 (state grid, as of 07/09/23)",As of Jul 2023
Georgia,GA,Citibank (Citi Cards / CBNA),Major Banks & Card Issuers,Experian,1,Outside sources,"myFICO Forums: Which Report Will They Pull, Part 2 (state grid, as of 07/09/23)",As of Jul 2023
Georgia,GA,Citibank (Citi Cards / CBNA),Major Banks & Card Issuers,Equifax,1,Outside sources,"myFICO Forums: Which Report Will They Pull, Part 2 (state grid, as of 07/09/23)",As of Jul 2023
Georgia,GA,Citibank (Citi Cards / CBNA),Major Banks & Card Issuers,TransUnion,1,Outside sources,"myFICO Forums: Which Report Will They Pull, Part 2 (state grid, as of 07/09/23)",As of Jul 2023
Illinois,IL,Citibank (Citi Cards / CBNA),Major Banks & Card Issuers,Experian,1,Outside sources,"myFICO Forums: Which Report Will They Pull, Part 2 (state grid, as of 07/09/23)",As of Jul 2023
Illinois,IL,Citibank (Citi Cards / CBNA),Major Banks & Card Issuers,Equifax,1,Outside sources,"myFICO Forums: Which Report Will They Pull, Part 2 (state grid, as of 07/09/23)",As of Jul 2023
Indiana,IN,Citibank (Citi Cards / CBNA),Major Banks & Card Issuers,Experian,1,Outside sources,"myFICO Forums: Which Report Will They Pull, Part 2 (state grid, as of 07/09/23)",As of Jul 2023
Massachusetts,MA,Citibank (Citi Cards / CBNA),Major Banks & Card Issuers,Experian,1,Outside sources,"myFICO Forums: Which Report Will They Pull, Part 2 (state grid, as of 07/09/23)",As of Jul 2023
Massachusetts,MA,Citibank (Citi Cards / CBNA),Major Banks & Card Issuers,Equifax,1,Outside sources,"myFICO Forums: Which Report Will They Pull, Part 2 (state grid, as of 07/09/23)",As of Jul 2023
Massachusetts,MA,Citibank (Citi Cards / CBNA),Major Banks & Card Issuers,TransUnion,1,Outside sources,"myFICO Forums: Which Report Will They Pull, Part 2 (state grid, as of 07/09/23)",As of Jul 2023
Maryland,MD,Citibank (Citi Cards / CBNA),Major Banks & Card Issuers,Equifax,1,Outside sources,"myFICO Forums: Which Report Will They Pull, Part 2 (state grid, as of 07/09/23)",As of Jul 2023
Michigan,MI,Citibank (Citi Cards / CBNA),Major Banks & Card Issuers,Equifax,1,Outside sources,"myFICO Forums: Which Report Will They Pull, Part 2 (state grid, as of 07/09/23)",As of Jul 2023
Minnesota,MN,Citibank (Citi Cards / CBNA),Major Banks & Card Issuers,Experian,1,Outside sources,"myFICO Forums: Which Report Will They Pull, Part 2 (state grid, as of 07/09/23)",As of Jul 2023
Minnesota,MN,Citibank (Citi Cards / CBNA),Major Banks & Card Issuers,Equifax,1,Outside sources,"myFICO Forums: Which Report Will They Pull, Part 2 (state grid, as of 07/09/23)",As of Jul 2023
Missouri,MO,Citibank (Citi Cards / CBNA),Major Banks & Card Issuers,Experian,1,Outside sources,"myFICO Forums: Which Report Will They Pull, Part 2 (state grid, as of 07/09/23)",As of Jul 2023
North Carolina,NC,Citibank (Citi Cards / CBNA),Major Banks & Card Issuers,Experian,1,Outside sources,"myFICO Forums: Which Report Will They Pull, Part 2 (state grid, as of 07/09/23)",As of Jul 2023
North Carolina,NC,Citibank (Citi Cards / CBNA),Major Banks & Card Issuers,Equifax,1,Outside sources,"myFICO Forums: Which Report Will They Pull, Part 2 (state grid, as of 07/09/23)",As of Jul 2023
New Jersey,NJ,Citibank (Citi Cards / CBNA),Major Banks & Card Issuers,Experian,1,Outside sources,"myFICO Forums: Which Report Will They Pull, Part 2 (state grid, as of 07/09/23)",As of Jul 2023
New Jersey,NJ,Citibank (Citi Cards / CBNA),Major Banks & Card Issuers,Equifax,1,Outside sources,"myFICO Forums: Which Report Will They Pull, Part 2 (state grid, as of 07/09/23)",As of Jul 2023
New Mexico,NM,Citibank (Citi Cards / CBNA),Major Banks & Card Issuers,Experian,1,Outside sources,"myFICO Forums: Which Report Will They Pull, Part 2 (state grid, as of 07/09/23)",As of Jul 2023
New York,NY,Citibank (Citi Cards / CBNA),Major Banks & Card Issuers,Experian,1,Outside sources,"myFICO Forums: Which Report Will They Pull, Part 2 (state grid, as of 07/09/23)",As of Jul 2023
New York,NY,Citibank (Citi Cards / CBNA),Major Banks & Card Issuers,Equifax,1,Outside sources,"myFICO Forums: Which Report Will They Pull, Part 2 (state grid, as of 07/09/23)",As of Jul 2023
Ohio,OH,Citibank (Citi Cards / CBNA),Major Banks & Card Issuers,Experian,1,Outside sources,"myFICO Forums: Which Report Will They Pull, Part 2 (state grid, as of 07/09/23)",As of Jul 2023
Oregon,OR,Citibank (Citi Cards / CBNA),Major Banks & Card Issuers,TransUnion,1,Outside sources,"myFICO Forums: Which Report Will They Pull, Part 2 (state grid, as of 07/09/23)",As of Jul 2023
Pennsylvania,PA,Citibank (Citi Cards / CBNA),Major Banks & Card Issuers,Experian,1,Outside sources,"myFICO Forums: Which Report Will They Pull, Part 2 (state grid, as of 07/09/23)",As of Jul 2023
Pennsylvania,PA,Citibank (Citi Cards / CBNA),Major Banks & Card Issuers,TransUnion,1,Outside sources,"myFICO Forums: Which Report Will They Pull, Part 2 (state grid, as of 07/09/23)",As of Jul 2023
South Carolina,SC,Citibank (Citi Cards / CBNA),Major Banks & Card Issuers,Equifax,1,Outside sources,"myFICO Forums: Which Report Will They Pull, Part 2 (state grid, as of 07/09/23)",As of Jul 2023
Texas,TX,Citibank (Citi Cards / CBNA),Major Banks & Card Issuers,Experian,1,Outside sources,"myFICO Forums: Which Report Will They Pull, Part 2 (state grid, as of 07/09/23)",As of Jul 2023
Texas,TX,Citibank (Citi Cards / CBNA),Major Banks & Card Issuers,Equifax,1,Outside sources,"myFICO Forums: Which Report Will They Pull, Part 2 (state grid, as of 07/09/23)",As of Jul 2023
Virginia,VA,Citibank (Citi Cards / CBNA),Major Banks & Card Issuers,Equifax,1,Outside sources,"myFICO Forums: Which Report Will They Pull, Part 2 (state grid, as of 07/09/23)",As of Jul 2023
Washington,WA,Citibank (Citi Cards / CBNA),Major Banks & Card Issuers,Experian,1,Outside sources,"myFICO Forums: Which Report Will They Pull, Part 2 (state grid, as of 07/09/23)",As of Jul 2023
Alabama,AL,Citibank (Citi Cards / CBNA),Major Banks & Card Issuers,Equifax,1,Outside sources,Doctor of Credit: What Credit Bureau Does Citibank Pull?,2014-2016
Arkansas,AR,Citibank (Citi Cards / CBNA),Major Banks & Card Issuers,TransUnion,3,Outside sources,Doctor of Credit: What Credit Bureau Does Citibank Pull?,2014-2016
Arizona,AZ,Citibank (Citi Cards / CBNA),Major Banks & Card Issuers,Experian,3,Outside sources,Doctor of Credit: What Credit Bureau Does Citibank Pull?,2014-2016
Arizona,AZ,Citibank (Citi Cards / CBNA),Major Banks & Card Issuers,Equifax,3,Outside sources,Doctor of Credit: What Credit Bureau Does Citibank Pull?,2014-2016
Arizona,AZ,Citibank (Citi Cards / CBNA),Major Banks & Card Issuers,TransUnion,1,Outside sources,Doctor of Credit: What Credit Bureau Does Citibank Pull?,2014-2016
California,CA,Citibank (Citi Cards / CBNA),Major Banks & Card Issuers,Experian,48,Outside sources,Doctor of Credit: What Credit Bureau Does Citibank Pull?,2014-2016
California,CA,Citibank (Citi Cards / CBNA),Major Banks & Card Issuers,Equifax,16,Outside sources,Doctor of Credit: What Credit Bureau Does Citibank Pull?,2014-2016
California,CA,Citibank (Citi Cards / CBNA),Major Banks & Card Issuers,TransUnion,6,Outside sources,Doctor of Credit: What Credit Bureau Does Citibank Pull?,2014-2016
Colorado,CO,Citibank (Citi Cards / CBNA),Major Banks & Card Issuers,Experian,2,Outside sources,Doctor of Credit: What Credit Bureau Does Citibank Pull?,2014-2016
Colorado,CO,Citibank (Citi Cards / CBNA),Major Banks & Card Issuers,Equifax,1,Outside sources,Doctor of Credit: What Credit Bureau Does Citibank Pull?,2014-2016
Connecticut,CT,Citibank (Citi Cards / CBNA),Major Banks & Card Issuers,Experian,3,Outside sources,Doctor of Credit: What Credit Bureau Does Citibank Pull?,2014-2016
Connecticut,CT,Citibank (Citi Cards / CBNA),Major Banks & Card Issuers,Equifax,6,Outside sources,Doctor of Credit: What Credit Bureau Does Citibank Pull?,2014-2016
Connecticut,CT,Citibank (Citi Cards / CBNA),Major Banks & Card Issuers,TransUnion,1,Outside sources,Doctor of Credit: What Credit Bureau Does Citibank Pull?,2014-2016
District of Columbia,DC,Citibank (Citi Cards / CBNA),Major Banks & Card Issuers,Experian,3,Outside sources,Doctor of Credit: What Credit Bureau Does Citibank Pull?,2014-2016
Delaware,DE,Citibank (Citi Cards / CBNA),Major Banks & Card Issuers,Experian,3,Outside sources,Doctor of Credit: What Credit Bureau Does Citibank Pull?,2014-2016
Delaware,DE,Citibank (Citi Cards / CBNA),Major Banks & Card Issuers,Equifax,5,Outside sources,Doctor of Credit: What Credit Bureau Does Citibank Pull?,2014-2016
Florida,FL,Citibank (Citi Cards / CBNA),Major Banks & Card Issuers,Experian,17,Outside sources,Doctor of Credit: What Credit Bureau Does Citibank Pull?,2014-2016
Florida,FL,Citibank (Citi Cards / CBNA),Major Banks & Card Issuers,Equifax,14,Outside sources,Doctor of Credit: What Credit Bureau Does Citibank Pull?,2014-2016
Florida,FL,Citibank (Citi Cards / CBNA),Major Banks & Card Issuers,TransUnion,1,Outside sources,Doctor of Credit: What Credit Bureau Does Citibank Pull?,2014-2016
Georgia,GA,Citibank (Citi Cards / CBNA),Major Banks & Card Issuers,Experian,7,Outside sources,Doctor of Credit: What Credit Bureau Does Citibank Pull?,2014-2016
Georgia,GA,Citibank (Citi Cards / CBNA),Major Banks & Card Issuers,Equifax,3,Outside sources,Doctor of Credit: What Credit Bureau Does Citibank Pull?,2014-2016
Hawaii,HI,Citibank (Citi Cards / CBNA),Major Banks & Card Issuers,Equifax,3,Outside sources,Doctor of Credit: What Credit Bureau Does Citibank Pull?,2014-2016
Iowa,IA,Citibank (Citi Cards / CBNA),Major Banks & Card Issuers,Experian,2,Outside sources,Doctor of Credit: What Credit Bureau Does Citibank Pull?,2014-2016
Idaho,ID,Citibank (Citi Cards / CBNA),Major Banks & Card Issuers,Experian,1,Outside sources,Doctor of Credit: What Credit Bureau Does Citibank Pull?,2014-2016
Illinois,IL,Citibank (Citi Cards / CBNA),Major Banks & Card Issuers,Experian,10,Outside sources,Doctor of Credit: What Credit Bureau Does Citibank Pull?,2014-2016
Illinois,IL,Citibank (Citi Cards / CBNA),Major Banks & Card Issuers,Equifax,13,Outside sources,Doctor of Credit: What Credit Bureau Does Citibank Pull?,2014-2016
Illinois,IL,Citibank (Citi Cards / CBNA),Major Banks & Card Issuers,TransUnion,1,Outside sources,Doctor of Credit: What Credit Bureau Does Citibank Pull?,2014-2016
Indiana,IN,Citibank (Citi Cards / CBNA),Major Banks & Card Issuers,Experian,3,Outside sources,Doctor of Credit: What Credit Bureau Does Citibank Pull?,2014-2016
Indiana,IN,Citibank (Citi Cards / CBNA),Major Banks & Card Issuers,TransUnion,1,Outside sources,Doctor of Credit: What Credit Bureau Does Citibank Pull?,2014-2016
Kentucky,KY,Citibank (Citi Cards / CBNA),Major Banks & Card Issuers,Experian,4,Outside sources,Doctor of Credit: What Credit Bureau Does Citibank Pull?,2014-2016
Kentucky,KY,Citibank (Citi Cards / CBNA),Major Banks & Card Issuers,Equifax,4,Outside sources,Doctor of Credit: What Credit Bureau Does Citibank Pull?,2014-2016
Louisiana,LA,Citibank (Citi Cards / CBNA),Major Banks & Card Issuers,Equifax,1,Outside sources,Doctor of Credit: What Credit Bureau Does Citibank Pull?,2014-2016
Louisiana,LA,Citibank (Citi Cards / CBNA),Major Banks & Card Issuers,TransUnion,2,Outside sources,Doctor of Credit: What Credit Bureau Does Citibank Pull?,2014-2016
Massachusetts,MA,Citibank (Citi Cards / CBNA),Major Banks & Card Issuers,Experian,4,Outside sources,Doctor of Credit: What Credit Bureau Does Citibank Pull?,2014-2016
Massachusetts,MA,Citibank (Citi Cards / CBNA),Major Banks & Card Issuers,Equifax,3,Outside sources,Doctor of Credit: What Credit Bureau Does Citibank Pull?,2014-2016
Maryland,MD,Citibank (Citi Cards / CBNA),Major Banks & Card Issuers,Experian,7,Outside sources,Doctor of Credit: What Credit Bureau Does Citibank Pull?,2014-2016
Maryland,MD,Citibank (Citi Cards / CBNA),Major Banks & Card Issuers,Equifax,3,Outside sources,Doctor of Credit: What Credit Bureau Does Citibank Pull?,2014-2016
Maine,ME,Citibank (Citi Cards / CBNA),Major Banks & Card Issuers,Equifax,1,Outside sources,Doctor of Credit: What Credit Bureau Does Citibank Pull?,2014-2016
Maine,ME,Citibank (Citi Cards / CBNA),Major Banks & Card Issuers,TransUnion,1,Outside sources,Doctor of Credit: What Credit Bureau Does Citibank Pull?,2014-2016
Michigan,MI,Citibank (Citi Cards / CBNA),Major Banks & Card Issuers,Experian,10,Outside sources,Doctor of Credit: What Credit Bureau Does Citibank Pull?,2014-2016
Michigan,MI,Citibank (Citi Cards / CBNA),Major Banks & Card Issuers,Equifax,7,Outside sources,Doctor of Credit: What Credit Bureau Does Citibank Pull?,2014-2016
Michigan,MI,Citibank (Citi Cards / CBNA),Major Banks & Card Issuers,TransUnion,1,Outside sources,Doctor of Credit: What Credit Bureau Does Citibank Pull?,2014-2016
Minnesota,MN,Citibank (Citi Cards / CBNA),Major Banks & Card Issuers,Experian,1,Outside sources,Doctor of Credit: What Credit Bureau Does Citibank Pull?,2014-2016
Minnesota,MN,Citibank (Citi Cards / CBNA),Major Banks & Card Issuers,Equifax,3,Outside sources,Doctor of Credit: What Credit Bureau Does Citibank Pull?,2014-2016
Missouri,MO,Citibank (Citi Cards / CBNA),Major Banks & Card Issuers,Experian,2,Outside sources,Doctor of Credit: What Credit Bureau Does Citibank Pull?,2014-2016
Missouri,MO,Citibank (Citi Cards / CBNA),Major Banks & Card Issuers,Equifax,1,Outside sources,Doctor of Credit: What Credit Bureau Does Citibank Pull?,2014-2016
Missouri,MO,Citibank (Citi Cards / CBNA),Major Banks & Card Issuers,TransUnion,1,Outside sources,Doctor of Credit: What Credit Bureau Does Citibank Pull?,2014-2016
Montana,MT,Citibank (Citi Cards / CBNA),Major Banks & Card Issuers,Equifax,1,Outside sources,Doctor of Credit: What Credit Bureau Does Citibank Pull?,2014-2016
North Carolina,NC,Citibank (Citi Cards / CBNA),Major Banks & Card Issuers,Experian,12,Outside sources,Doctor of Credit: What Credit Bureau Does Citibank Pull?,2014-2016
North Carolina,NC,Citibank (Citi Cards / CBNA),Major Banks & Card Issuers,Equifax,13,Outside sources,Doctor of Credit: What Credit Bureau Does Citibank Pull?,2014-2016
North Carolina,NC,Citibank (Citi Cards / CBNA),Major Banks & Card Issuers,TransUnion,2,Outside sources,Doctor of Credit: What Credit Bureau Does Citibank Pull?,2014-2016
New Hampshire,NH,Citibank (Citi Cards / CBNA),Major Banks & Card Issuers,Experian,2,Outside sources,Doctor of Credit: What Credit Bureau Does Citibank Pull?,2014-2016
New Hampshire,NH,Citibank (Citi Cards / CBNA),Major Banks & Card Issuers,Equifax,4,Outside sources,Doctor of Credit: What Credit Bureau Does Citibank Pull?,2014-2016
New Jersey,NJ,Citibank (Citi Cards / CBNA),Major Banks & Card Issuers,Experian,4,Outside sources,Doctor of Credit: What Credit Bureau Does Citibank Pull?,2014-2016
New Jersey,NJ,Citibank (Citi Cards / CBNA),Major Banks & Card Issuers,Equifax,1,Outside sources,Doctor of Credit: What Credit Bureau Does Citibank Pull?,2014-2016
New Jersey,NJ,Citibank (Citi Cards / CBNA),Major Banks & Card Issuers,TransUnion,1,Outside sources,Doctor of Credit: What Credit Bureau Does Citibank Pull?,2014-2016
New Mexico,NM,Citibank (Citi Cards / CBNA),Major Banks & Card Issuers,Experian,1,Outside sources,Doctor of Credit: What Credit Bureau Does Citibank Pull?,2014-2016
Nevada,NV,Citibank (Citi Cards / CBNA),Major Banks & Card Issuers,Experian,3,Outside sources,Doctor of Credit: What Credit Bureau Does Citibank Pull?,2014-2016
Nevada,NV,Citibank (Citi Cards / CBNA),Major Banks & Card Issuers,Equifax,3,Outside sources,Doctor of Credit: What Credit Bureau Does Citibank Pull?,2014-2016
New York,NY,Citibank (Citi Cards / CBNA),Major Banks & Card Issuers,Experian,18,Outside sources,Doctor of Credit: What Credit Bureau Does Citibank Pull?,2014-2016
New York,NY,Citibank (Citi Cards / CBNA),Major Banks & Card Issuers,Equifax,14,Outside sources,Doctor of Credit: What Credit Bureau Does Citibank Pull?,2014-2016
New York,NY,Citibank (Citi Cards / CBNA),Major Banks & Card Issuers,TransUnion,8,Outside sources,Doctor of Credit: What Credit Bureau Does Citibank Pull?,2014-2016
Ohio,OH,Citibank (Citi Cards / CBNA),Major Banks & Card Issuers,Experian,6,Outside sources,Doctor of Credit: What Credit Bureau Does Citibank Pull?,2014-2016
Oklahoma,OK,Citibank (Citi Cards / CBNA),Major Banks & Card Issuers,Experian,2,Outside sources,Doctor of Credit: What Credit Bureau Does Citibank Pull?,2014-2016
Oklahoma,OK,Citibank (Citi Cards / CBNA),Major Banks & Card Issuers,Equifax,4,Outside sources,Doctor of Credit: What Credit Bureau Does Citibank Pull?,2014-2016
Oregon,OR,Citibank (Citi Cards / CBNA),Major Banks & Card Issuers,Experian,7,Outside sources,Doctor of Credit: What Credit Bureau Does Citibank Pull?,2014-2016
Oregon,OR,Citibank (Citi Cards / CBNA),Major Banks & Card Issuers,Equifax,3,Outside sources,Doctor of Credit: What Credit Bureau Does Citibank Pull?,2014-2016
Oregon,OR,Citibank (Citi Cards / CBNA),Major Banks & Card Issuers,TransUnion,1,Outside sources,Doctor of Credit: What Credit Bureau Does Citibank Pull?,2014-2016
Pennsylvania,PA,Citibank (Citi Cards / CBNA),Major Banks & Card Issuers,Experian,22,Outside sources,Doctor of Credit: What Credit Bureau Does Citibank Pull?,2014-2016
Pennsylvania,PA,Citibank (Citi Cards / CBNA),Major Banks & Card Issuers,Equifax,2,Outside sources,Doctor of Credit: What Credit Bureau Does Citibank Pull?,2014-2016
Pennsylvania,PA,Citibank (Citi Cards / CBNA),Major Banks & Card Issuers,TransUnion,5,Outside sources,Doctor of Credit: What Credit Bureau Does Citibank Pull?,2014-2016
South Carolina,SC,Citibank (Citi Cards / CBNA),Major Banks & Card Issuers,Equifax,1,Outside sources,Doctor of Credit: What Credit Bureau Does Citibank Pull?,2014-2016
South Dakota,SD,Citibank (Citi Cards / CBNA),Major Banks & Card Issuers,Experian,2,Outside sources,Doctor of Credit: What Credit Bureau Does Citibank Pull?,2014-2016
South Dakota,SD,Citibank (Citi Cards / CBNA),Major Banks & Card Issuers,Equifax,1,Outside sources,Doctor of Credit: What Credit Bureau Does Citibank Pull?,2014-2016
South Dakota,SD,Citibank (Citi Cards / CBNA),Major Banks & Card Issuers,TransUnion,1,Outside sources,Doctor of Credit: What Credit Bureau Does Citibank Pull?,2014-2016
Tennessee,TN,Citibank (Citi Cards / CBNA),Major Banks & Card Issuers,Experian,2,Outside sources,Doctor of Credit: What Credit Bureau Does Citibank Pull?,2014-2016
Tennessee,TN,Citibank (Citi Cards / CBNA),Major Banks & Card Issuers,Equifax,6,Outside sources,Doctor of Credit: What Credit Bureau Does Citibank Pull?,2014-2016
Tennessee,TN,Citibank (Citi Cards / CBNA),Major Banks & Card Issuers,TransUnion,1,Outside sources,Doctor of Credit: What Credit Bureau Does Citibank Pull?,2014-2016
Texas,TX,Citibank (Citi Cards / CBNA),Major Banks & Card Issuers,Experian,32,Outside sources,Doctor of Credit: What Credit Bureau Does Citibank Pull?,2014-2016
Texas,TX,Citibank (Citi Cards / CBNA),Major Banks & Card Issuers,Equifax,10,Outside sources,Doctor of Credit: What Credit Bureau Does Citibank Pull?,2014-2016
Texas,TX,Citibank (Citi Cards / CBNA),Major Banks & Card Issuers,TransUnion,2,Outside sources,Doctor of Credit: What Credit Bureau Does Citibank Pull?,2014-2016
Utah,UT,Citibank (Citi Cards / CBNA),Major Banks & Card Issuers,TransUnion,2,Outside sources,Doctor of Credit: What Credit Bureau Does Citibank Pull?,2014-2016
Virginia,VA,Citibank (Citi Cards / CBNA),Major Banks & Card Issuers,Experian,5,Outside sources,Doctor of Credit: What Credit Bureau Does Citibank Pull?,2014-2016
Virginia,VA,Citibank (Citi Cards / CBNA),Major Banks & Card Issuers,Equifax,7,Outside sources,Doctor of Credit: What Credit Bureau Does Citibank Pull?,2014-2016
Virginia,VA,Citibank (Citi Cards / CBNA),Major Banks & Card Issuers,TransUnion,1,Outside sources,Doctor of Credit: What Credit Bureau Does Citibank Pull?,2014-2016
Washington,WA,Citibank (Citi Cards / CBNA),Major Banks & Card Issuers,Experian,8,Outside sources,Doctor of Credit: What Credit Bureau Does Citibank Pull?,2014-2016
Washington,WA,Citibank (Citi Cards / CBNA),Major Banks & Card Issuers,Equifax,7,Outside sources,Doctor of Credit: What Credit Bureau Does Citibank Pull?,2014-2016
Washington,WA,Citibank (Citi Cards / CBNA),Major Banks & Card Issuers,TransUnion,4,Outside sources,Doctor of Credit: What Credit Bureau Does Citibank Pull?,2014-2016
Wisconsin,WI,Citibank (Citi Cards / CBNA),Major Banks & Card Issuers,Experian,3,Outside sources,Doctor of Credit: What Credit Bureau Does Citibank Pull?,2014-2016
California,CA,"Citizens Bank (Citizens One, formerly RBS Citizens)",Regional & Community Banks,Equifax,1,Outside sources,"myFICO Forums: Which Report Will They Pull, Part 2 (state grid, as of 07/09/23)",As of Jul 2023
Massachusetts,MA,"Citizens Bank (Citizens One, formerly RBS Citizens)",Regional & Community Banks,Equifax,1,Outside sources,"myFICO Forums: Which Report Will They Pull, Part 2 (state grid, as of 07/09/23)",As of Jul 2023
New York,NY,"Citizens Bank (Citizens One, formerly RBS Citizens)",Regional & Community Banks,TransUnion,1,Outside sources,"myFICO Forums: Which Report Will They Pull, Part 2 (state grid, as of 07/09/23)",As of Jul 2023
Pennsylvania,PA,"Citizens Bank (Citizens One, formerly RBS Citizens)",Regional & Community Banks,Equifax,1,Outside sources,"myFICO Forums: Which Report Will They Pull, Part 2 (state grid, as of 07/09/23)",As of Jul 2023
Virginia,VA,"Citizens Bank (Citizens One, formerly RBS Citizens)",Regional & Community Banks,Equifax,1,Outside sources,"myFICO Forums: Which Report Will They Pull, Part 2 (state grid, as of 07/09/23)",As of Jul 2023
Massachusetts,MA,City National Bank,Not in lender database,Experian,1,Outside sources,"myFICO Forums: Which Report Will They Pull, Part 2 (state grid, as of 07/09/23)",As of Jul 2023
Florida,FL,"Comenity / Bread Financial (Sephora, BJ's, Wayfair and others)",Retail / Store Card Issuers,Experian,1,Outside sources,"myFICO Forums: Which Report Will They Pull, Part 2 (state grid, as of 07/09/23)",As of Jul 2023
Georgia,GA,"Comenity / Bread Financial (Sephora, BJ's, Wayfair and others)",Retail / Store Card Issuers,Experian,1,Outside sources,"myFICO Forums: Which Report Will They Pull, Part 2 (state grid, as of 07/09/23)",As of Jul 2023
Georgia,GA,"Comenity / Bread Financial (Sephora, BJ's, Wayfair and others)",Retail / Store Card Issuers,Equifax,1,Outside sources,"myFICO Forums: Which Report Will They Pull, Part 2 (state grid, as of 07/09/23)",As of Jul 2023
Indiana,IN,"Comenity / Bread Financial (Sephora, BJ's, Wayfair and others)",Retail / Store Card Issuers,Equifax,1,Outside sources,"myFICO Forums: Which Report Will They Pull, Part 2 (state grid, as of 07/09/23)",As of Jul 2023
Massachusetts,MA,"Comenity / Bread Financial (Sephora, BJ's, Wayfair and others)",Retail / Store Card Issuers,Experian,1,Outside sources,"myFICO Forums: Which Report Will They Pull, Part 2 (state grid, as of 07/09/23)",As of Jul 2023
Massachusetts,MA,"Comenity / Bread Financial (Sephora, BJ's, Wayfair and others)",Retail / Store Card Issuers,Equifax,1,Outside sources,"myFICO Forums: Which Report Will They Pull, Part 2 (state grid, as of 07/09/23)",As of Jul 2023
North Carolina,NC,"Comenity / Bread Financial (Sephora, BJ's, Wayfair and others)",Retail / Store Card Issuers,Experian,1,Outside sources,"myFICO Forums: Which Report Will They Pull, Part 2 (state grid, as of 07/09/23)",As of Jul 2023
New York,NY,"Comenity / Bread Financial (Sephora, BJ's, Wayfair and others)",Retail / Store Card Issuers,Experian,1,Outside sources,"myFICO Forums: Which Report Will They Pull, Part 2 (state grid, as of 07/09/23)",As of Jul 2023
Ohio,OH,"Comenity / Bread Financial (Sephora, BJ's, Wayfair and others)",Retail / Store Card Issuers,Equifax,1,Outside sources,"myFICO Forums: Which Report Will They Pull, Part 2 (state grid, as of 07/09/23)",As of Jul 2023
Pennsylvania,PA,"Comenity / Bread Financial (Sephora, BJ's, Wayfair and others)",Retail / Store Card Issuers,Experian,1,Outside sources,"myFICO Forums: Which Report Will They Pull, Part 2 (state grid, as of 07/09/23)",As of Jul 2023
Pennsylvania,PA,"Comenity / Bread Financial (Sephora, BJ's, Wayfair and others)",Retail / Store Card Issuers,Equifax,1,Outside sources,"myFICO Forums: Which Report Will They Pull, Part 2 (state grid, as of 07/09/23)",As of Jul 2023
Illinois,IL,"Comenity / Bread Financial (Sephora, BJ's, Wayfair and others)",Retail / Store Card Issuers,Experian,1,Outside sources,"myFICO Forums: Which Report Will They Pull, Part 2 (state grid, as of 07/09/23)",As of Jul 2023
Massachusetts,MA,"Comenity / Bread Financial (Sephora, BJ's, Wayfair and others)",Retail / Store Card Issuers,Equifax,1,Outside sources,"myFICO Forums: Which Report Will They Pull, Part 2 (state grid, as of 07/09/23)",As of Jul 2023
North Carolina,NC,"Comenity / Bread Financial (Sephora, BJ's, Wayfair and others)",Retail / Store Card Issuers,Equifax,1,Outside sources,"myFICO Forums: Which Report Will They Pull, Part 2 (state grid, as of 07/09/23)",As of Jul 2023
New Jersey,NJ,"Comenity / Bread Financial (Sephora, BJ's, Wayfair and others)",Retail / Store Card Issuers,Experian,1,Outside sources,"myFICO Forums: Which Report Will They Pull, Part 2 (state grid, as of 07/09/23)",As of Jul 2023
New Jersey,NJ,"Comenity / Bread Financial (Sephora, BJ's, Wayfair and others)",Retail / Store Card Issuers,Equifax,1,Outside sources,"myFICO Forums: Which Report Will They Pull, Part 2 (state grid, as of 07/09/23)",As of Jul 2023
New York,NY,"Comenity / Bread Financial (Sephora, BJ's, Wayfair and others)",Retail / Store Card Issuers,Experian,1,Outside sources,"myFICO Forums: Which Report Will They Pull, Part 2 (state grid, as of 07/09/23)",As of Jul 2023
Texas,TX,"Comenity / Bread Financial (Sephora, BJ's, Wayfair and others)",Retail / Store Card Issuers,Experian,1,Outside sources,"myFICO Forums: Which Report Will They Pull, Part 2 (state grid, as of 07/09/23)",As of Jul 2023
Massachusetts,MA,Commerce Bank,Not in lender database,Equifax,1,Outside sources,"myFICO Forums: Which Report Will They Pull, Part 2 (state grid, as of 07/09/23)",As of Jul 2023
New Jersey,NJ,Commerce Bank,Not in lender database,TransUnion,1,Outside sources,"myFICO Forums: Which Report Will They Pull, Part 2 (state grid, as of 07/09/23)",As of Jul 2023
Kansas,KS,Consumers Credit Union,Credit Unions,TransUnion,1,Outside sources,"myFICO Forums: Which Report Will They Pull, Part 2 (state grid, as of 07/09/23)",As of Jul 2023
New Jersey,NJ,Credit One Bank,Subprime & Credit-Builder Products,Experian,1,Outside sources,"myFICO Forums: Which Report Will They Pull, Part 2 (state grid, as of 07/09/23)",As of Jul 2023
Pennsylvania,PA,Credit One Bank,Subprime & Credit-Builder Products,Experian,1,Outside sources,"myFICO Forums: Which Report Will They Pull, Part 2 (state grid, as of 07/09/23)",As of Jul 2023
Washington,WA,Credit One Bank,Subprime & Credit-Builder Products,Experian,1,Outside sources,"myFICO Forums: Which Report Will They Pull, Part 2 (state grid, as of 07/09/23)",As of Jul 2023
Massachusetts,MA,Digital Federal Credit Union (DCU),Credit Unions,Equifax,1,Outside sources,"myFICO Forums: Which Report Will They Pull, Part 2 (state grid, as of 07/09/23)",As of Jul 2023
New Jersey,NJ,Digital Federal Credit Union (DCU),Credit Unions,TransUnion,1,Outside sources,"myFICO Forums: Which Report Will They Pull, Part 2 (state grid, as of 07/09/23)",As of Jul 2023
Virginia,VA,Digital Federal Credit Union (DCU),Credit Unions,Equifax,1,Outside sources,"myFICO Forums: Which Report Will They Pull, Part 2 (state grid, as of 07/09/23)",As of Jul 2023
Arizona,AZ,Discover (now part of Capital One),Major Banks & Card Issuers,Experian,1,Outside sources,"myFICO Forums: Which Report Will They Pull, Part 2 (state grid, as of 07/09/23)",As of Jul 2023
California,CA,Discover (now part of Capital One),Major Banks & Card Issuers,Experian,1,Outside sources,"myFICO Forums: Which Report Will They Pull, Part 2 (state grid, as of 07/09/23)",As of Jul 2023
Florida,FL,Discover (now part of Capital One),Major Banks & Card Issuers,Experian,1,Outside sources,"myFICO Forums: Which Report Will They Pull, Part 2 (state grid, as of 07/09/23)",As of Jul 2023
Florida,FL,Discover (now part of Capital One),Major Banks & Card Issuers,Equifax,1,Outside sources,"myFICO Forums: Which Report Will They Pull, Part 2 (state grid, as of 07/09/23)",As of Jul 2023
Georgia,GA,Discover (now part of Capital One),Major Banks & Card Issuers,Equifax,1,Outside sources,"myFICO Forums: Which Report Will They Pull, Part 2 (state grid, as of 07/09/23)",As of Jul 2023
Idaho,ID,Discover (now part of Capital One),Major Banks & Card Issuers,Experian,1,Outside sources,"myFICO Forums: Which Report Will They Pull, Part 2 (state grid, as of 07/09/23)",As of Jul 2023
Illinois,IL,Discover (now part of Capital One),Major Banks & Card Issuers,Experian,1,Outside sources,"myFICO Forums: Which Report Will They Pull, Part 2 (state grid, as of 07/09/23)",As of Jul 2023
Indiana,IN,Discover (now part of Capital One),Major Banks & Card Issuers,Equifax,1,Outside sources,"myFICO Forums: Which Report Will They Pull, Part 2 (state grid, as of 07/09/23)",As of Jul 2023
Kentucky,KY,Discover (now part of Capital One),Major Banks & Card Issuers,Experian,1,Outside sources,"myFICO Forums: Which Report Will They Pull, Part 2 (state grid, as of 07/09/23)",As of Jul 2023
Kentucky,KY,Discover (now part of Capital One),Major Banks & Card Issuers,TransUnion,1,Outside sources,"myFICO Forums: Which Report Will They Pull, Part 2 (state grid, as of 07/09/23)",As of Jul 2023
North Carolina,NC,Discover (now part of Capital One),Major Banks & Card Issuers,Experian,1,Outside sources,"myFICO Forums: Which Report Will They Pull, Part 2 (state grid, as of 07/09/23)",As of Jul 2023
North Carolina,NC,Discover (now part of Capital One),Major Banks & Card Issuers,Equifax,1,Outside sources,"myFICO Forums: Which Report Will They Pull, Part 2 (state grid, as of 07/09/23)",As of Jul 2023
New Jersey,NJ,Discover (now part of Capital One),Major Banks & Card Issuers,Experian,1,Outside sources,"myFICO Forums: Which Report Will They Pull, Part 2 (state grid, as of 07/09/23)",As of Jul 2023
New Mexico,NM,Discover (now part of Capital One),Major Banks & Card Issuers,Equifax,1,Outside sources,"myFICO Forums: Which Report Will They Pull, Part 2 (state grid, as of 07/09/23)",As of Jul 2023
New York,NY,Discover (now part of Capital One),Major Banks & Card Issuers,Experian,1,Outside sources,"myFICO Forums: Which Report Will They Pull, Part 2 (state grid, as of 07/09/23)",As of Jul 2023
New York,NY,Discover (now part of Capital One),Major Banks & Card Issuers,Equifax,1,Outside sources,"myFICO Forums: Which Report Will They Pull, Part 2 (state grid, as of 07/09/23)",As of Jul 2023
Texas,TX,Discover (now part of Capital One),Major Banks & Card Issuers,Experian,1,Outside sources,"myFICO Forums: Which Report Will They Pull, Part 2 (state grid, as of 07/09/23)",As of Jul 2023
Virginia,VA,Discover (now part of Capital One),Major Banks & Card Issuers,Experian,1,Outside sources,"myFICO Forums: Which Report Will They Pull, Part 2 (state grid, as of 07/09/23)",As of Jul 2023
Arizona,AZ,Discover (now part of Capital One),Major Banks & Card Issuers,Experian,1,Outside sources,"myFICO Forums: Which Report Will They Pull, Part 2 (state grid, as of 07/09/23)",As of Jul 2023
California,CA,Discover (now part of Capital One),Major Banks & Card Issuers,Equifax,1,Outside sources,"myFICO Forums: Which Report Will They Pull, Part 2 (state grid, as of 07/09/23)",As of Jul 2023
Delaware,DE,Discover (now part of Capital One),Major Banks & Card Issuers,Experian,1,Outside sources,"myFICO Forums: Which Report Will They Pull, Part 2 (state grid, as of 07/09/23)",As of Jul 2023
Florida,FL,Discover (now part of Capital One),Major Banks & Card Issuers,Experian,1,Outside sources,"myFICO Forums: Which Report Will They Pull, Part 2 (state grid, as of 07/09/23)",As of Jul 2023
Georgia,GA,Discover (now part of Capital One),Major Banks & Card Issuers,Experian,1,Outside sources,"myFICO Forums: Which Report Will They Pull, Part 2 (state grid, as of 07/09/23)",As of Jul 2023
Georgia,GA,Discover (now part of Capital One),Major Banks & Card Issuers,Equifax,1,Outside sources,"myFICO Forums: Which Report Will They Pull, Part 2 (state grid, as of 07/09/23)",As of Jul 2023
Idaho,ID,Discover (now part of Capital One),Major Banks & Card Issuers,TransUnion,1,Outside sources,"myFICO Forums: Which Report Will They Pull, Part 2 (state grid, as of 07/09/23)",As of Jul 2023
Indiana,IN,Discover (now part of Capital One),Major Banks & Card Issuers,Experian,1,Outside sources,"myFICO Forums: Which Report Will They Pull, Part 2 (state grid, as of 07/09/23)",As of Jul 2023
Kentucky,KY,Discover (now part of Capital One),Major Banks & Card Issuers,Experian,1,Outside sources,"myFICO Forums: Which Report Will They Pull, Part 2 (state grid, as of 07/09/23)",As of Jul 2023
Massachusetts,MA,Discover (now part of Capital One),Major Banks & Card Issuers,Experian,1,Outside sources,"myFICO Forums: Which Report Will They Pull, Part 2 (state grid, as of 07/09/23)",As of Jul 2023
Michigan,MI,Discover (now part of Capital One),Major Banks & Card Issuers,Equifax,1,Outside sources,"myFICO Forums: Which Report Will They Pull, Part 2 (state grid, as of 07/09/23)",As of Jul 2023
Minnesota,MN,Discover (now part of Capital One),Major Banks & Card Issuers,Experian,1,Outside sources,"myFICO Forums: Which Report Will They Pull, Part 2 (state grid, as of 07/09/23)",As of Jul 2023
New Jersey,NJ,Discover (now part of Capital One),Major Banks & Card Issuers,Experian,1,Outside sources,"myFICO Forums: Which Report Will They Pull, Part 2 (state grid, as of 07/09/23)",As of Jul 2023
New Jersey,NJ,Discover (now part of Capital One),Major Banks & Card Issuers,TransUnion,1,Outside sources,"myFICO Forums: Which Report Will They Pull, Part 2 (state grid, as of 07/09/23)",As of Jul 2023
New York,NY,Discover (now part of Capital One),Major Banks & Card Issuers,Experian,1,Outside sources,"myFICO Forums: Which Report Will They Pull, Part 2 (state grid, as of 07/09/23)",As of Jul 2023
Pennsylvania,PA,Discover (now part of Capital One),Major Banks & Card Issuers,Experian,1,Outside sources,"myFICO Forums: Which Report Will They Pull, Part 2 (state grid, as of 07/09/23)",As of Jul 2023
South Carolina,SC,Discover (now part of Capital One),Major Banks & Card Issuers,Experian,1,Outside sources,"myFICO Forums: Which Report Will They Pull, Part 2 (state grid, as of 07/09/23)",As of Jul 2023
Texas,TX,Discover (now part of Capital One),Major Banks & Card Issuers,Experian,1,Outside sources,"myFICO Forums: Which Report Will They Pull, Part 2 (state grid, as of 07/09/23)",As of Jul 2023
Georgia,GA,Dover CU,Not in lender database,Experian,1,Outside sources,"myFICO Forums: Which Report Will They Pull, Part 2 (state grid, as of 07/09/23)",As of Jul 2023
Alabama,AL,Elan Financial Services (U.S. Bank subsidiary),Major Banks & Card Issuers,TransUnion,1,Outside sources,"myFICO Forums: Which Report Will They Pull, Part 2 (state grid, as of 07/09/23)",As of Jul 2023
Arizona,AZ,Elan Financial Services (U.S. Bank subsidiary),Major Banks & Card Issuers,TransUnion,1,Outside sources,"myFICO Forums: Which Report Will They Pull, Part 2 (state grid, as of 07/09/23)",As of Jul 2023
California,CA,Elan Financial Services (U.S. Bank subsidiary),Major Banks & Card Issuers,Experian,1,Outside sources,"myFICO Forums: Which Report Will They Pull, Part 2 (state grid, as of 07/09/23)",As of Jul 2023
California,CA,Elan Financial Services (U.S. Bank subsidiary),Major Banks & Card Issuers,TransUnion,1,Outside sources,"myFICO Forums: Which Report Will They Pull, Part 2 (state grid, as of 07/09/23)",As of Jul 2023
Colorado,CO,Elan Financial Services (U.S. Bank subsidiary),Major Banks & Card Issuers,Experian,1,Outside sources,"myFICO Forums: Which Report Will They Pull, Part 2 (state grid, as of 07/09/23)",As of Jul 2023
Connecticut,CT,Elan Financial Services (U.S. Bank subsidiary),Major Banks & Card Issuers,TransUnion,1,Outside sources,"myFICO Forums: Which Report Will They Pull, Part 2 (state grid, as of 07/09/23)",As of Jul 2023
Florida,FL,Elan Financial Services (U.S. Bank subsidiary),Major Banks & Card Issuers,Equifax,1,Outside sources,"myFICO Forums: Which Report Will They Pull, Part 2 (state grid, as of 07/09/23)",As of Jul 2023
Georgia,GA,Elan Financial Services (U.S. Bank subsidiary),Major Banks & Card Issuers,Equifax,1,Outside sources,"myFICO Forums: Which Report Will They Pull, Part 2 (state grid, as of 07/09/23)",As of Jul 2023
Georgia,GA,Elan Financial Services (U.S. Bank subsidiary),Major Banks & Card Issuers,TransUnion,1,Outside sources,"myFICO Forums: Which Report Will They Pull, Part 2 (state grid, as of 07/09/23)",As of Jul 2023
Illinois,IL,Elan Financial Services (U.S. Bank subsidiary),Major Banks & Card Issuers,TransUnion,1,Outside sources,"myFICO Forums: Which Report Will They Pull, Part 2 (state grid, as of 07/09/23)",As of Jul 2023
Indiana,IN,Elan Financial Services (U.S. Bank subsidiary),Major Banks & Card Issuers,TransUnion,1,Outside sources,"myFICO Forums: Which Report Will They Pull, Part 2 (state grid, as of 07/09/23)",As of Jul 2023
Kentucky,KY,Elan Financial Services (U.S. Bank subsidiary),Major Banks & Card Issuers,TransUnion,1,Outside sources,"myFICO Forums: Which Report Will They Pull, Part 2 (state grid, as of 07/09/23)",As of Jul 2023
Massachusetts,MA,Elan Financial Services (U.S. Bank subsidiary),Major Banks & Card Issuers,Experian,1,Outside sources,"myFICO Forums: Which Report Will They Pull, Part 2 (state grid, as of 07/09/23)",As of Jul 2023
Maryland,MD,Elan Financial Services (U.S. Bank subsidiary),Major Banks & Card Issuers,Equifax,1,Outside sources,"myFICO Forums: Which Report Will They Pull, Part 2 (state grid, as of 07/09/23)",As of Jul 2023
Missouri,MO,Elan Financial Services (U.S. Bank subsidiary),Major Banks & Card Issuers,Equifax,1,Outside sources,"myFICO Forums: Which Report Will They Pull, Part 2 (state grid, as of 07/09/23)",As of Jul 2023
North Carolina,NC,Elan Financial Services (U.S. Bank subsidiary),Major Banks & Card Issuers,Equifax,1,Outside sources,"myFICO Forums: Which Report Will They Pull, Part 2 (state grid, as of 07/09/23)",As of Jul 2023
New Jersey,NJ,Elan Financial Services (U.S. Bank subsidiary),Major Banks & Card Issuers,Experian,1,Outside sources,"myFICO Forums: Which Report Will They Pull, Part 2 (state grid, as of 07/09/23)",As of Jul 2023
New York,NY,Elan Financial Services (U.S. Bank subsidiary),Major Banks & Card Issuers,Experian,1,Outside sources,"myFICO Forums: Which Report Will They Pull, Part 2 (state grid, as of 07/09/23)",As of Jul 2023
Ohio,OH,Elan Financial Services (U.S. Bank subsidiary),Major Banks & Card Issuers,TransUnion,1,Outside sources,"myFICO Forums: Which Report Will They Pull, Part 2 (state grid, as of 07/09/23)",As of Jul 2023
Pennsylvania,PA,Elan Financial Services (U.S. Bank subsidiary),Major Banks & Card Issuers,TransUnion,1,Outside sources,"myFICO Forums: Which Report Will They Pull, Part 2 (state grid, as of 07/09/23)",As of Jul 2023
Washington,WA,Elan Financial Services (U.S. Bank subsidiary),Major Banks & Card Issuers,TransUnion,1,Outside sources,"myFICO Forums: Which Report Will They Pull, Part 2 (state grid, as of 07/09/23)",As of Jul 2023
West Virginia,WV,Elan Financial Services (U.S. Bank subsidiary),Major Banks & Card Issuers,Equifax,1,Outside sources,"myFICO Forums: Which Report Will They Pull, Part 2 (state grid, as of 07/09/23)",As of Jul 2023
Indiana,IN,Liberty FCU (formerly Evansville Teachers FCU),Credit Unions,TransUnion,1,Outside sources,"myFICO Forums: Which Report Will They Pull, Part 2 (state grid, as of 07/09/23)",As of Jul 2023
Indiana,IN,Fairwinds CU,Not in lender database,Equifax,1,Outside sources,"myFICO Forums: Which Report Will They Pull, Part 2 (state grid, as of 07/09/23)",As of Jul 2023
Florida,FL,Fifth Third Bank,Regional & Community Banks,Equifax,1,Outside sources,"myFICO Forums: Which Report Will They Pull, Part 2 (state grid, as of 07/09/23)",As of Jul 2023
Florida,FL,Fifth Third Bank,Regional & Community Banks,TransUnion,1,Outside sources,"myFICO Forums: Which Report Will They Pull, Part 2 (state grid, as of 07/09/23)",As of Jul 2023
Indiana,IN,Fifth Third Bank,Regional & Community Banks,TransUnion,1,Outside sources,"myFICO Forums: Which Report Will They Pull, Part 2 (state grid, as of 07/09/23)",As of Jul 2023
Massachusetts,MA,Fifth Third Bank,Regional & Community Banks,Experian,1,Outside sources,"myFICO Forums: Which Report Will They Pull, Part 2 (state grid, as of 07/09/23)",As of Jul 2023
Pennsylvania,PA,Mercury Mastercard (First Bank & Trust),Subprime & Credit-Builder Products,TransUnion,1,Outside sources,"myFICO Forums: Which Report Will They Pull, Part 2 (state grid, as of 07/09/23)",As of Jul 2023
Ohio,OH,First Electronic Bank (Cardless),Not in lender database,Experian,1,Outside sources,"myFICO Forums: Which Report Will They Pull, Part 2 (state grid, as of 07/09/23)",As of Jul 2023
Pennsylvania,PA,First Savings Bank (Blaze Mastercard),Subprime & Credit-Builder Products,TransUnion,1,Outside sources,"myFICO Forums: Which Report Will They Pull, Part 2 (state grid, as of 07/09/23)",As of Jul 2023
New York,NY,First Tech Federal Credit Union,Credit Unions,Experian,1,Outside sources,"myFICO Forums: Which Report Will They Pull, Part 2 (state grid, as of 07/09/23)",As of Jul 2023
California,CA,First National Bank of Omaha (FNBO),Regional & Community Banks,Experian,1,Outside sources,"myFICO Forums: Which Report Will They Pull, Part 2 (state grid, as of 07/09/23)",As of Jul 2023
California,CA,First National Bank of Omaha (FNBO),Regional & Community Banks,Equifax,1,Outside sources,"myFICO Forums: Which Report Will They Pull, Part 2 (state grid, as of 07/09/23)",As of Jul 2023
Florida,FL,First National Bank of Omaha (FNBO),Regional & Community Banks,Experian,1,Outside sources,"myFICO Forums: Which Report Will They Pull, Part 2 (state grid, as of 07/09/23)",As of Jul 2023
Georgia,GA,First National Bank of Omaha (FNBO),Regional & Community Banks,Experian,1,Outside sources,"myFICO Forums: Which Report Will They Pull, Part 2 (state grid, as of 07/09/23)",As of Jul 2023
Illinois,IL,First National Bank of Omaha (FNBO),Regional & Community Banks,Experian,1,Outside sources,"myFICO Forums: Which Report Will They Pull, Part 2 (state grid, as of 07/09/23)",As of Jul 2023
Kansas,KS,First National Bank of Omaha (FNBO),Regional & Community Banks,Experian,1,Outside sources,"myFICO Forums: Which Report Will They Pull, Part 2 (state grid, as of 07/09/23)",As of Jul 2023
Kansas,KS,First National Bank of Omaha (FNBO),Regional & Community Banks,Equifax,1,Outside sources,"myFICO Forums: Which Report Will They Pull, Part 2 (state grid, as of 07/09/23)",As of Jul 2023
Massachusetts,MA,First National Bank of Omaha (FNBO),Regional & Community Banks,Experian,1,Outside sources,"myFICO Forums: Which Report Will They Pull, Part 2 (state grid, as of 07/09/23)",As of Jul 2023
Maryland,MD,First National Bank of Omaha (FNBO),Regional & Community Banks,Experian,1,Outside sources,"myFICO Forums: Which Report Will They Pull, Part 2 (state grid, as of 07/09/23)",As of Jul 2023
New Jersey,NJ,First National Bank of Omaha (FNBO),Regional & Community Banks,Experian,1,Outside sources,"myFICO Forums: Which Report Will They Pull, Part 2 (state grid, as of 07/09/23)",As of Jul 2023
New York,NY,First National Bank of Omaha (FNBO),Regional & Community Banks,Experian,1,Outside sources,"myFICO Forums: Which Report Will They Pull, Part 2 (state grid, as of 07/09/23)",As of Jul 2023
Pennsylvania,PA,First National Bank of Omaha (FNBO),Regional & Community Banks,Experian,1,Outside sources,"myFICO Forums: Which Report Will They Pull, Part 2 (state grid, as of 07/09/23)",As of Jul 2023
Washington,WA,First National Bank of Omaha (FNBO),Regional & Community Banks,Experian,1,Outside sources,"myFICO Forums: Which Report Will They Pull, Part 2 (state grid, as of 07/09/23)",As of Jul 2023
New York,NY,Founders FCU,Not in lender database,Experian,1,Outside sources,"myFICO Forums: Which Report Will They Pull, Part 2 (state grid, as of 07/09/23)",As of Jul 2023
Ohio,OH,GE Credit Union,Not in lender database,Equifax,1,Outside sources,"myFICO Forums: Which Report Will They Pull, Part 2 (state grid, as of 07/09/23)",As of Jul 2023
Delaware,DE,"Apple Card (Goldman Sachs Bank USA, moving to Chase)",Major Banks & Card Issuers,TransUnion,1,Outside sources,"myFICO Forums: Which Report Will They Pull, Part 2 (state grid, as of 07/09/23)",As of Jul 2023
Florida,FL,"Apple Card (Goldman Sachs Bank USA, moving to Chase)",Major Banks & Card Issuers,TransUnion,1,Outside sources,"myFICO Forums: Which Report Will They Pull, Part 2 (state grid, as of 07/09/23)",As of Jul 2023
Georgia,GA,"Apple Card (Goldman Sachs Bank USA, moving to Chase)",Major Banks & Card Issuers,TransUnion,1,Outside sources,"myFICO Forums: Which Report Will They Pull, Part 2 (state grid, as of 07/09/23)",As of Jul 2023
Illinois,IL,"Apple Card (Goldman Sachs Bank USA, moving to Chase)",Major Banks & Card Issuers,TransUnion,1,Outside sources,"myFICO Forums: Which Report Will They Pull, Part 2 (state grid, as of 07/09/23)",As of Jul 2023
Kentucky,KY,"Apple Card (Goldman Sachs Bank USA, moving to Chase)",Major Banks & Card Issuers,TransUnion,1,Outside sources,"myFICO Forums: Which Report Will They Pull, Part 2 (state grid, as of 07/09/23)",As of Jul 2023
Massachusetts,MA,"Apple Card (Goldman Sachs Bank USA, moving to Chase)",Major Banks & Card Issuers,TransUnion,1,Outside sources,"myFICO Forums: Which Report Will They Pull, Part 2 (state grid, as of 07/09/23)",As of Jul 2023
Minnesota,MN,"Apple Card (Goldman Sachs Bank USA, moving to Chase)",Major Banks & Card Issuers,TransUnion,1,Outside sources,"myFICO Forums: Which Report Will They Pull, Part 2 (state grid, as of 07/09/23)",As of Jul 2023
New Mexico,NM,"Apple Card (Goldman Sachs Bank USA, moving to Chase)",Major Banks & Card Issuers,Equifax,1,Outside sources,"myFICO Forums: Which Report Will They Pull, Part 2 (state grid, as of 07/09/23)",As of Jul 2023
New Mexico,NM,"Apple Card (Goldman Sachs Bank USA, moving to Chase)",Major Banks & Card Issuers,TransUnion,1,Outside sources,"myFICO Forums: Which Report Will They Pull, Part 2 (state grid, as of 07/09/23)",As of Jul 2023
Oregon,OR,"Apple Card (Goldman Sachs Bank USA, moving to Chase)",Major Banks & Card Issuers,TransUnion,1,Outside sources,"myFICO Forums: Which Report Will They Pull, Part 2 (state grid, as of 07/09/23)",As of Jul 2023
South Carolina,SC,"Apple Card (Goldman Sachs Bank USA, moving to Chase)",Major Banks & Card Issuers,TransUnion,1,Outside sources,"myFICO Forums: Which Report Will They Pull, Part 2 (state grid, as of 07/09/23)",As of Jul 2023
Washington,WA,"Apple Card (Goldman Sachs Bank USA, moving to Chase)",Major Banks & Card Issuers,TransUnion,1,Outside sources,"myFICO Forums: Which Report Will They Pull, Part 2 (state grid, as of 07/09/23)",As of Jul 2023
South Carolina,SC,GreenState FCU (IA),Not in lender database,TransUnion,1,Outside sources,"myFICO Forums: Which Report Will They Pull, Part 2 (state grid, as of 07/09/23)",As of Jul 2023
California,CA,HSBC Bank USA,Regional & Community Banks,Equifax,1,Outside sources,"myFICO Forums: Which Report Will They Pull, Part 2 (state grid, as of 07/09/23)",As of Jul 2023
Georgia,GA,HSBC Bank USA,Regional & Community Banks,Equifax,1,Outside sources,"myFICO Forums: Which Report Will They Pull, Part 2 (state grid, as of 07/09/23)",As of Jul 2023
Idaho,ID,HSBC Bank USA,Regional & Community Banks,Equifax,1,Outside sources,"myFICO Forums: Which Report Will They Pull, Part 2 (state grid, as of 07/09/23)",As of Jul 2023
Pennsylvania,PA,HSBC Bank USA,Regional & Community Banks,Experian,1,Outside sources,"myFICO Forums: Which Report Will They Pull, Part 2 (state grid, as of 07/09/23)",As of Jul 2023
Pennsylvania,PA,HSBC Bank USA,Regional & Community Banks,Equifax,1,Outside sources,"myFICO Forums: Which Report Will They Pull, Part 2 (state grid, as of 07/09/23)",As of Jul 2023
South Carolina,SC,HSBC Bank USA,Regional & Community Banks,Equifax,1,Outside sources,"myFICO Forums: Which Report Will They Pull, Part 2 (state grid, as of 07/09/23)",As of Jul 2023
Florida,FL,Huntington National Bank,Regional & Community Banks,Equifax,1,Outside sources,"myFICO Forums: Which Report Will They Pull, Part 2 (state grid, as of 07/09/23)",As of Jul 2023
Ohio,OH,Huntington National Bank,Regional & Community Banks,Equifax,1,Outside sources,"myFICO Forums: Which Report Will They Pull, Part 2 (state grid, as of 07/09/23)",As of Jul 2023
Texas,TX,Huntington National Bank,Regional & Community Banks,Equifax,1,Outside sources,"myFICO Forums: Which Report Will They Pull, Part 2 (state grid, as of 07/09/23)",As of Jul 2023
Alabama,AL,JPMorgan Chase (Chase Card Services),Major Banks & Card Issuers,Equifax,1,Outside sources,Doctor of Credit: Which Credit Bureau Does Chase Pull? (state chart),2008-2014
Alabama,AL,JPMorgan Chase (Chase Card Services),Major Banks & Card Issuers,TransUnion,1,Outside sources,Doctor of Credit: Which Credit Bureau Does Chase Pull? (state chart),2008-2014
Arkansas,AR,JPMorgan Chase (Chase Card Services),Major Banks & Card Issuers,Experian,1,Outside sources,Doctor of Credit: Which Credit Bureau Does Chase Pull? (state chart),2008-2014
Arkansas,AR,JPMorgan Chase (Chase Card Services),Major Banks & Card Issuers,Equifax,1,Outside sources,Doctor of Credit: Which Credit Bureau Does Chase Pull? (state chart),2008-2014
Arizona,AZ,JPMorgan Chase (Chase Card Services),Major Banks & Card Issuers,Experian,1,Outside sources,Doctor of Credit: Which Credit Bureau Does Chase Pull? (state chart),2008-2014
Arizona,AZ,JPMorgan Chase (Chase Card Services),Major Banks & Card Issuers,Equifax,1,Outside sources,Doctor of Credit: Which Credit Bureau Does Chase Pull? (state chart),2008-2014
California,CA,JPMorgan Chase (Chase Card Services),Major Banks & Card Issuers,Experian,1,Outside sources,Doctor of Credit: Which Credit Bureau Does Chase Pull? (state chart),2008-2014
California,CA,JPMorgan Chase (Chase Card Services),Major Banks & Card Issuers,Equifax,1,Outside sources,Doctor of Credit: Which Credit Bureau Does Chase Pull? (state chart),2008-2014
California,CA,JPMorgan Chase (Chase Card Services),Major Banks & Card Issuers,TransUnion,1,Outside sources,Doctor of Credit: Which Credit Bureau Does Chase Pull? (state chart),2008-2014
Colorado,CO,JPMorgan Chase (Chase Card Services),Major Banks & Card Issuers,Experian,1,Outside sources,Doctor of Credit: Which Credit Bureau Does Chase Pull? (state chart),2008-2014
Colorado,CO,JPMorgan Chase (Chase Card Services),Major Banks & Card Issuers,TransUnion,1,Outside sources,Doctor of Credit: Which Credit Bureau Does Chase Pull? (state chart),2008-2014
Connecticut,CT,JPMorgan Chase (Chase Card Services),Major Banks & Card Issuers,Experian,1,Outside sources,Doctor of Credit: Which Credit Bureau Does Chase Pull? (state chart),2008-2014
District of Columbia,DC,JPMorgan Chase (Chase Card Services),Major Banks & Card Issuers,Experian,1,Outside sources,Doctor of Credit: Which Credit Bureau Does Chase Pull? (state chart),2008-2014
District of Columbia,DC,JPMorgan Chase (Chase Card Services),Major Banks & Card Issuers,Equifax,1,Outside sources,Doctor of Credit: Which Credit Bureau Does Chase Pull? (state chart),2008-2014
District of Columbia,DC,JPMorgan Chase (Chase Card Services),Major Banks & Card Issuers,TransUnion,1,Outside sources,Doctor of Credit: Which Credit Bureau Does Chase Pull? (state chart),2008-2014
Delaware,DE,JPMorgan Chase (Chase Card Services),Major Banks & Card Issuers,Experian,1,Outside sources,Doctor of Credit: Which Credit Bureau Does Chase Pull? (state chart),2008-2014
Florida,FL,JPMorgan Chase (Chase Card Services),Major Banks & Card Issuers,Experian,1,Outside sources,Doctor of Credit: Which Credit Bureau Does Chase Pull? (state chart),2008-2014
Florida,FL,JPMorgan Chase (Chase Card Services),Major Banks & Card Issuers,Equifax,1,Outside sources,Doctor of Credit: Which Credit Bureau Does Chase Pull? (state chart),2008-2014
Florida,FL,JPMorgan Chase (Chase Card Services),Major Banks & Card Issuers,TransUnion,1,Outside sources,Doctor of Credit: Which Credit Bureau Does Chase Pull? (state chart),2008-2014
Georgia,GA,JPMorgan Chase (Chase Card Services),Major Banks & Card Issuers,Experian,1,Outside sources,Doctor of Credit: Which Credit Bureau Does Chase Pull? (state chart),2008-2014
Georgia,GA,JPMorgan Chase (Chase Card Services),Major Banks & Card Issuers,Equifax,1,Outside sources,Doctor of Credit: Which Credit Bureau Does Chase Pull? (state chart),2008-2014
Georgia,GA,JPMorgan Chase (Chase Card Services),Major Banks & Card Issuers,TransUnion,1,Outside sources,Doctor of Credit: Which Credit Bureau Does Chase Pull? (state chart),2008-2014
Iowa,IA,JPMorgan Chase (Chase Card Services),Major Banks & Card Issuers,Experian,1,Outside sources,Doctor of Credit: Which Credit Bureau Does Chase Pull? (state chart),2008-2014
Iowa,IA,JPMorgan Chase (Chase Card Services),Major Banks & Card Issuers,Equifax,1,Outside sources,Doctor of Credit: Which Credit Bureau Does Chase Pull? (state chart),2008-2014
Iowa,IA,JPMorgan Chase (Chase Card Services),Major Banks & Card Issuers,TransUnion,1,Outside sources,Doctor of Credit: Which Credit Bureau Does Chase Pull? (state chart),2008-2014
Illinois,IL,JPMorgan Chase (Chase Card Services),Major Banks & Card Issuers,Experian,1,Outside sources,Doctor of Credit: Which Credit Bureau Does Chase Pull? (state chart),2008-2014
Illinois,IL,JPMorgan Chase (Chase Card Services),Major Banks & Card Issuers,TransUnion,1,Outside sources,Doctor of Credit: Which Credit Bureau Does Chase Pull? (state chart),2008-2014
Indiana,IN,JPMorgan Chase (Chase Card Services),Major Banks & Card Issuers,TransUnion,1,Outside sources,Doctor of Credit: Which Credit Bureau Does Chase Pull? (state chart),2008-2014
Kansas,KS,JPMorgan Chase (Chase Card Services),Major Banks & Card Issuers,Equifax,1,Outside sources,Doctor of Credit: Which Credit Bureau Does Chase Pull? (state chart),2008-2014
Kentucky,KY,JPMorgan Chase (Chase Card Services),Major Banks & Card Issuers,Equifax,1,Outside sources,Doctor of Credit: Which Credit Bureau Does Chase Pull? (state chart),2008-2014
Kentucky,KY,JPMorgan Chase (Chase Card Services),Major Banks & Card Issuers,TransUnion,1,Outside sources,Doctor of Credit: Which Credit Bureau Does Chase Pull? (state chart),2008-2014
Louisiana,LA,JPMorgan Chase (Chase Card Services),Major Banks & Card Issuers,Experian,1,Outside sources,Doctor of Credit: Which Credit Bureau Does Chase Pull? (state chart),2008-2014
Louisiana,LA,JPMorgan Chase (Chase Card Services),Major Banks & Card Issuers,Equifax,1,Outside sources,Doctor of Credit: Which Credit Bureau Does Chase Pull? (state chart),2008-2014
Louisiana,LA,JPMorgan Chase (Chase Card Services),Major Banks & Card Issuers,TransUnion,1,Outside sources,Doctor of Credit: Which Credit Bureau Does Chase Pull? (state chart),2008-2014
Massachusetts,MA,JPMorgan Chase (Chase Card Services),Major Banks & Card Issuers,Experian,1,Outside sources,Doctor of Credit: Which Credit Bureau Does Chase Pull? (state chart),2008-2014
Massachusetts,MA,JPMorgan Chase (Chase Card Services),Major Banks & Card Issuers,Equifax,1,Outside sources,Doctor of Credit: Which Credit Bureau Does Chase Pull? (state chart),2008-2014
Massachusetts,MA,JPMorgan Chase (Chase Card Services),Major Banks & Card Issuers,TransUnion,1,Outside sources,Doctor of Credit: Which Credit Bureau Does Chase Pull? (state chart),2008-2014
Maryland,MD,JPMorgan Chase (Chase Card Services),Major Banks & Card Issuers,Experian,1,Outside sources,Doctor of Credit: Which Credit Bureau Does Chase Pull? (state chart),2008-2014
Maryland,MD,JPMorgan Chase (Chase Card Services),Major Banks & Card Issuers,Equifax,1,Outside sources,Doctor of Credit: Which Credit Bureau Does Chase Pull? (state chart),2008-2014
Maryland,MD,JPMorgan Chase (Chase Card Services),Major Banks & Card Issuers,TransUnion,1,Outside sources,Doctor of Credit: Which Credit Bureau Does Chase Pull? (state chart),2008-2014
Maine,ME,JPMorgan Chase (Chase Card Services),Major Banks & Card Issuers,Experian,1,Outside sources,Doctor of Credit: Which Credit Bureau Does Chase Pull? (state chart),2008-2014
Maine,ME,JPMorgan Chase (Chase Card Services),Major Banks & Card Issuers,TransUnion,1,Outside sources,Doctor of Credit: Which Credit Bureau Does Chase Pull? (state chart),2008-2014
Michigan,MI,JPMorgan Chase (Chase Card Services),Major Banks & Card Issuers,Experian,1,Outside sources,Doctor of Credit: Which Credit Bureau Does Chase Pull? (state chart),2008-2014
Michigan,MI,JPMorgan Chase (Chase Card Services),Major Banks & Card Issuers,Equifax,1,Outside sources,Doctor of Credit: Which Credit Bureau Does Chase Pull? (state chart),2008-2014
Michigan,MI,JPMorgan Chase (Chase Card Services),Major Banks & Card Issuers,TransUnion,1,Outside sources,Doctor of Credit: Which Credit Bureau Does Chase Pull? (state chart),2008-2014
Minnesota,MN,JPMorgan Chase (Chase Card Services),Major Banks & Card Issuers,Experian,1,Outside sources,Doctor of Credit: Which Credit Bureau Does Chase Pull? (state chart),2008-2014
Minnesota,MN,JPMorgan Chase (Chase Card Services),Major Banks & Card Issuers,Equifax,1,Outside sources,Doctor of Credit: Which Credit Bureau Does Chase Pull? (state chart),2008-2014
Missouri,MO,JPMorgan Chase (Chase Card Services),Major Banks & Card Issuers,Experian,1,Outside sources,Doctor of Credit: Which Credit Bureau Does Chase Pull? (state chart),2008-2014
Missouri,MO,JPMorgan Chase (Chase Card Services),Major Banks & Card Issuers,Equifax,1,Outside sources,Doctor of Credit: Which Credit Bureau Does Chase Pull? (state chart),2008-2014
Missouri,MO,JPMorgan Chase (Chase Card Services),Major Banks & Card Issuers,TransUnion,1,Outside sources,Doctor of Credit: Which Credit Bureau Does Chase Pull? (state chart),2008-2014
Mississippi,MS,JPMorgan Chase (Chase Card Services),Major Banks & Card Issuers,TransUnion,1,Outside sources,Doctor of Credit: Which Credit Bureau Does Chase Pull? (state chart),2008-2014
Montana,MT,JPMorgan Chase (Chase Card Services),Major Banks & Card Issuers,TransUnion,1,Outside sources,Doctor of Credit: Which Credit Bureau Does Chase Pull? (state chart),2008-2014
North Carolina,NC,JPMorgan Chase (Chase Card Services),Major Banks & Card Issuers,Experian,1,Outside sources,Doctor of Credit: Which Credit Bureau Does Chase Pull? (state chart),2008-2014
North Carolina,NC,JPMorgan Chase (Chase Card Services),Major Banks & Card Issuers,Equifax,1,Outside sources,Doctor of Credit: Which Credit Bureau Does Chase Pull? (state chart),2008-2014
Nebraska,NE,JPMorgan Chase (Chase Card Services),Major Banks & Card Issuers,TransUnion,1,Outside sources,Doctor of Credit: Which Credit Bureau Does Chase Pull? (state chart),2008-2014
New Hampshire,NH,JPMorgan Chase (Chase Card Services),Major Banks & Card Issuers,Equifax,1,Outside sources,Doctor of Credit: Which Credit Bureau Does Chase Pull? (state chart),2008-2014
New Hampshire,NH,JPMorgan Chase (Chase Card Services),Major Banks & Card Issuers,TransUnion,1,Outside sources,Doctor of Credit: Which Credit Bureau Does Chase Pull? (state chart),2008-2014
New Jersey,NJ,JPMorgan Chase (Chase Card Services),Major Banks & Card Issuers,Experian,1,Outside sources,Doctor of Credit: Which Credit Bureau Does Chase Pull? (state chart),2008-2014
New Jersey,NJ,JPMorgan Chase (Chase Card Services),Major Banks & Card Issuers,Equifax,1,Outside sources,Doctor of Credit: Which Credit Bureau Does Chase Pull? (state chart),2008-2014
New Jersey,NJ,JPMorgan Chase (Chase Card Services),Major Banks & Card Issuers,TransUnion,1,Outside sources,Doctor of Credit: Which Credit Bureau Does Chase Pull? (state chart),2008-2014
Nevada,NV,JPMorgan Chase (Chase Card Services),Major Banks & Card Issuers,Experian,1,Outside sources,Doctor of Credit: Which Credit Bureau Does Chase Pull? (state chart),2008-2014
Nevada,NV,JPMorgan Chase (Chase Card Services),Major Banks & Card Issuers,Equifax,1,Outside sources,Doctor of Credit: Which Credit Bureau Does Chase Pull? (state chart),2008-2014
Nevada,NV,JPMorgan Chase (Chase Card Services),Major Banks & Card Issuers,TransUnion,1,Outside sources,Doctor of Credit: Which Credit Bureau Does Chase Pull? (state chart),2008-2014
New York,NY,JPMorgan Chase (Chase Card Services),Major Banks & Card Issuers,Experian,1,Outside sources,Doctor of Credit: Which Credit Bureau Does Chase Pull? (state chart),2008-2014
New York,NY,JPMorgan Chase (Chase Card Services),Major Banks & Card Issuers,Equifax,1,Outside sources,Doctor of Credit: Which Credit Bureau Does Chase Pull? (state chart),2008-2014
New York,NY,JPMorgan Chase (Chase Card Services),Major Banks & Card Issuers,TransUnion,1,Outside sources,Doctor of Credit: Which Credit Bureau Does Chase Pull? (state chart),2008-2014
Ohio,OH,JPMorgan Chase (Chase Card Services),Major Banks & Card Issuers,Experian,1,Outside sources,Doctor of Credit: Which Credit Bureau Does Chase Pull? (state chart),2008-2014
Ohio,OH,JPMorgan Chase (Chase Card Services),Major Banks & Card Issuers,Equifax,1,Outside sources,Doctor of Credit: Which Credit Bureau Does Chase Pull? (state chart),2008-2014
Ohio,OH,JPMorgan Chase (Chase Card Services),Major Banks & Card Issuers,TransUnion,1,Outside sources,Doctor of Credit: Which Credit Bureau Does Chase Pull? (state chart),2008-2014
Oklahoma,OK,JPMorgan Chase (Chase Card Services),Major Banks & Card Issuers,TransUnion,1,Outside sources,Doctor of Credit: Which Credit Bureau Does Chase Pull? (state chart),2008-2014
Oregon,OR,JPMorgan Chase (Chase Card Services),Major Banks & Card Issuers,Experian,1,Outside sources,Doctor of Credit: Which Credit Bureau Does Chase Pull? (state chart),2008-2014
Oregon,OR,JPMorgan Chase (Chase Card Services),Major Banks & Card Issuers,Equifax,1,Outside sources,Doctor of Credit: Which Credit Bureau Does Chase Pull? (state chart),2008-2014
Pennsylvania,PA,JPMorgan Chase (Chase Card Services),Major Banks & Card Issuers,Experian,1,Outside sources,Doctor of Credit: Which Credit Bureau Does Chase Pull? (state chart),2008-2014
Pennsylvania,PA,JPMorgan Chase (Chase Card Services),Major Banks & Card Issuers,Equifax,1,Outside sources,Doctor of Credit: Which Credit Bureau Does Chase Pull? (state chart),2008-2014
Pennsylvania,PA,JPMorgan Chase (Chase Card Services),Major Banks & Card Issuers,TransUnion,1,Outside sources,Doctor of Credit: Which Credit Bureau Does Chase Pull? (state chart),2008-2014
South Carolina,SC,JPMorgan Chase (Chase Card Services),Major Banks & Card Issuers,Equifax,1,Outside sources,Doctor of Credit: Which Credit Bureau Does Chase Pull? (state chart),2008-2014
South Carolina,SC,JPMorgan Chase (Chase Card Services),Major Banks & Card Issuers,TransUnion,1,Outside sources,Doctor of Credit: Which Credit Bureau Does Chase Pull? (state chart),2008-2014
Tennessee,TN,JPMorgan Chase (Chase Card Services),Major Banks & Card Issuers,Experian,1,Outside sources,Doctor of Credit: Which Credit Bureau Does Chase Pull? (state chart),2008-2014
Tennessee,TN,JPMorgan Chase (Chase Card Services),Major Banks & Card Issuers,Equifax,1,Outside sources,Doctor of Credit: Which Credit Bureau Does Chase Pull? (state chart),2008-2014
Tennessee,TN,JPMorgan Chase (Chase Card Services),Major Banks & Card Issuers,TransUnion,1,Outside sources,Doctor of Credit: Which Credit Bureau Does Chase Pull? (state chart),2008-2014
Texas,TX,JPMorgan Chase (Chase Card Services),Major Banks & Card Issuers,Experian,1,Outside sources,Doctor of Credit: Which Credit Bureau Does Chase Pull? (state chart),2008-2014
Texas,TX,JPMorgan Chase (Chase Card Services),Major Banks & Card Issuers,Equifax,1,Outside sources,Doctor of Credit: Which Credit Bureau Does Chase Pull? (state chart),2008-2014
Texas,TX,JPMorgan Chase (Chase Card Services),Major Banks & Card Issuers,TransUnion,1,Outside sources,Doctor of Credit: Which Credit Bureau Does Chase Pull? (state chart),2008-2014
Utah,UT,JPMorgan Chase (Chase Card Services),Major Banks & Card Issuers,Experian,1,Outside sources,Doctor of Credit: Which Credit Bureau Does Chase Pull? (state chart),2008-2014
Virginia,VA,JPMorgan Chase (Chase Card Services),Major Banks & Card Issuers,Experian,1,Outside sources,Doctor of Credit: Which Credit Bureau Does Chase Pull? (state chart),2008-2014
Virginia,VA,JPMorgan Chase (Chase Card Services),Major Banks & Card Issuers,Equifax,1,Outside sources,Doctor of Credit: Which Credit Bureau Does Chase Pull? (state chart),2008-2014
Virginia,VA,JPMorgan Chase (Chase Card Services),Major Banks & Card Issuers,TransUnion,1,Outside sources,Doctor of Credit: Which Credit Bureau Does Chase Pull? (state chart),2008-2014
Vermont,VT,JPMorgan Chase (Chase Card Services),Major Banks & Card Issuers,TransUnion,1,Outside sources,Doctor of Credit: Which Credit Bureau Does Chase Pull? (state chart),2008-2014
Washington,WA,JPMorgan Chase (Chase Card Services),Major Banks & Card Issuers,Experian,1,Outside sources,Doctor of Credit: Which Credit Bureau Does Chase Pull? (state chart),2008-2014
Washington,WA,JPMorgan Chase (Chase Card Services),Major Banks & Card Issuers,TransUnion,1,Outside sources,Doctor of Credit: Which Credit Bureau Does Chase Pull? (state chart),2008-2014
Wisconsin,WI,JPMorgan Chase (Chase Card Services),Major Banks & Card Issuers,Equifax,1,Outside sources,Doctor of Credit: Which Credit Bureau Does Chase Pull? (state chart),2008-2014
Wisconsin,WI,JPMorgan Chase (Chase Card Services),Major Banks & Card Issuers,TransUnion,1,Outside sources,Doctor of Credit: Which Credit Bureau Does Chase Pull? (state chart),2008-2014
West Virginia,WV,JPMorgan Chase (Chase Card Services),Major Banks & Card Issuers,Experian,1,Outside sources,Doctor of Credit: Which Credit Bureau Does Chase Pull? (state chart),2008-2014
Pennsylvania,PA,Keypoint FCU,Not in lender database,Experian,1,Outside sources,"myFICO Forums: Which Report Will They Pull, Part 2 (state grid, as of 07/09/23)",As of Jul 2023
Indiana,IN,Lake Michigan Credit Union,Credit Unions,Experian,1,Outside sources,"myFICO Forums: Which Report Will They Pull, Part 2 (state grid, as of 07/09/23)",As of Jul 2023
Indiana,IN,Langley Federal Credit Union,Credit Unions,Equifax,1,Outside sources,"myFICO Forums: Which Report Will They Pull, Part 2 (state grid, as of 07/09/23)",As of Jul 2023
Oregon,OR,Langley Federal Credit Union,Credit Unions,Equifax,1,Outside sources,"myFICO Forums: Which Report Will They Pull, Part 2 (state grid, as of 07/09/23)",As of Jul 2023
Pennsylvania,PA,Langley Federal Credit Union,Credit Unions,Equifax,1,Outside sources,"myFICO Forums: Which Report Will They Pull, Part 2 (state grid, as of 07/09/23)",As of Jul 2023
South Carolina,SC,Langley Federal Credit Union,Credit Unions,Equifax,1,Outside sources,"myFICO Forums: Which Report Will They Pull, Part 2 (state grid, as of 07/09/23)",As of Jul 2023
Massachusetts,MA,M&T Bank,Regional & Community Banks,Experian,1,Outside sources,"myFICO Forums: Which Report Will They Pull, Part 2 (state grid, as of 07/09/23)",As of Jul 2023
California,CA,"Citi Retail Services (Home Depot THD, Macy's DSNB, NTB, Best Buy and others)",Retail / Store Card Issuers,Experian,1,Outside sources,"myFICO Forums: Which Report Will They Pull, Part 2 (state grid, as of 07/09/23)",As of Jul 2023
Florida,FL,"Citi Retail Services (Home Depot THD, Macy's DSNB, NTB, Best Buy and others)",Retail / Store Card Issuers,Experian,1,Outside sources,"myFICO Forums: Which Report Will They Pull, Part 2 (state grid, as of 07/09/23)",As of Jul 2023
Georgia,GA,"Citi Retail Services (Home Depot THD, Macy's DSNB, NTB, Best Buy and others)",Retail / Store Card Issuers,Experian,1,Outside sources,"myFICO Forums: Which Report Will They Pull, Part 2 (state grid, as of 07/09/23)",As of Jul 2023
Illinois,IL,"Citi Retail Services (Home Depot THD, Macy's DSNB, NTB, Best Buy and others)",Retail / Store Card Issuers,Experian,1,Outside sources,"myFICO Forums: Which Report Will They Pull, Part 2 (state grid, as of 07/09/23)",As of Jul 2023
Illinois,IL,"Citi Retail Services (Home Depot THD, Macy's DSNB, NTB, Best Buy and others)",Retail / Store Card Issuers,Equifax,1,Outside sources,"myFICO Forums: Which Report Will They Pull, Part 2 (state grid, as of 07/09/23)",As of Jul 2023
Pennsylvania,PA,"Citi Retail Services (Home Depot THD, Macy's DSNB, NTB, Best Buy and others)",Retail / Store Card Issuers,Experian,1,Outside sources,"myFICO Forums: Which Report Will They Pull, Part 2 (state grid, as of 07/09/23)",As of Jul 2023
South Carolina,SC,"Citi Retail Services (Home Depot THD, Macy's DSNB, NTB, Best Buy and others)",Retail / Store Card Issuers,Experian,1,Outside sources,"myFICO Forums: Which Report Will They Pull, Part 2 (state grid, as of 07/09/23)",As of Jul 2023
Alabama,AL,Max FCU (AL),Not in lender database,Equifax,1,Outside sources,"myFICO Forums: Which Report Will They Pull, Part 2 (state grid, as of 07/09/23)",As of Jul 2023
New Jersey,NJ,Merrick Bank,Subprime & Credit-Builder Products,TransUnion,1,Outside sources,"myFICO Forums: Which Report Will They Pull, Part 2 (state grid, as of 07/09/23)",As of Jul 2023
Pennsylvania,PA,Merrick Bank,Subprime & Credit-Builder Products,TransUnion,1,Outside sources,"myFICO Forums: Which Report Will They Pull, Part 2 (state grid, as of 07/09/23)",As of Jul 2023
Michigan,MI,MI Schools & Govt CU,Not in lender database,Experian,1,Outside sources,"myFICO Forums: Which Report Will They Pull, Part 2 (state grid, as of 07/09/23)",As of Jul 2023
Florida,FL,MidFlorida FCU,Not in lender database,Experian,1,Outside sources,"myFICO Forums: Which Report Will They Pull, Part 2 (state grid, as of 07/09/23)",As of Jul 2023
Kansas,KS,Mission Lane (issued by TAB Bank or WebBank),Subprime & Credit-Builder Products,TransUnion,1,Outside sources,"myFICO Forums: Which Report Will They Pull, Part 2 (state grid, as of 07/09/23)",As of Jul 2023
New Jersey,NJ,Mission Lane (issued by TAB Bank or WebBank),Subprime & Credit-Builder Products,TransUnion,1,Outside sources,"myFICO Forums: Which Report Will They Pull, Part 2 (state grid, as of 07/09/23)",As of Jul 2023
Washington,WA,Mission Lane (issued by TAB Bank or WebBank),Subprime & Credit-Builder Products,TransUnion,1,Outside sources,"myFICO Forums: Which Report Will They Pull, Part 2 (state grid, as of 07/09/23)",As of Jul 2023
New York,NY,Municipal Credit Union (NY),Not in lender database,Experian,1,Outside sources,"myFICO Forums: Which Report Will They Pull, Part 2 (state grid, as of 07/09/23)",As of Jul 2023
New Jersey,NJ,NASA Federal Credit Union,Credit Unions,Experian,1,Outside sources,"myFICO Forums: Which Report Will They Pull, Part 2 (state grid, as of 07/09/23)",As of Jul 2023
Texas,TX,"Zions Bancorporation banks (Nevada State Bank, Amegy, California Bank & Trust, National Bank of Arizona, Vectra, Zions)",Regional & Community Banks,Experian,1,Outside sources,"myFICO Forums: Which Report Will They Pull, Part 2 (state grid, as of 07/09/23)",As of Jul 2023
Florida,FL,Navy Federal Credit Union,Credit Unions,Equifax,1,Outside sources,"myFICO Forums: Which Report Will They Pull, Part 2 (state grid, as of 07/09/23)",As of Jul 2023
New Jersey,NJ,Navy Federal Credit Union,Credit Unions,TransUnion,1,Outside sources,"myFICO Forums: Which Report Will They Pull, Part 2 (state grid, as of 07/09/23)",As of Jul 2023
South Carolina,SC,Navy Federal Credit Union,Credit Unions,Equifax,1,Outside sources,"myFICO Forums: Which Report Will They Pull, Part 2 (state grid, as of 07/09/23)",As of Jul 2023
California,CA,Navy Federal Credit Union,Credit Unions,TransUnion,1,Outside sources,"myFICO Forums: Which Report Will They Pull, Part 2 (state grid, as of 07/09/23)",As of Jul 2023
Delaware,DE,Navy Federal Credit Union,Credit Unions,TransUnion,1,Outside sources,"myFICO Forums: Which Report Will They Pull, Part 2 (state grid, as of 07/09/23)",As of Jul 2023
Florida,FL,Navy Federal Credit Union,Credit Unions,Experian,1,Outside sources,"myFICO Forums: Which Report Will They Pull, Part 2 (state grid, as of 07/09/23)",As of Jul 2023
Florida,FL,Navy Federal Credit Union,Credit Unions,TransUnion,1,Outside sources,"myFICO Forums: Which Report Will They Pull, Part 2 (state grid, as of 07/09/23)",As of Jul 2023
Georgia,GA,Navy Federal Credit Union,Credit Unions,TransUnion,1,Outside sources,"myFICO Forums: Which Report Will They Pull, Part 2 (state grid, as of 07/09/23)",As of Jul 2023
Illinois,IL,Navy Federal Credit Union,Credit Unions,TransUnion,1,Outside sources,"myFICO Forums: Which Report Will They Pull, Part 2 (state grid, as of 07/09/23)",As of Jul 2023
Indiana,IN,Navy Federal Credit Union,Credit Unions,TransUnion,1,Outside sources,"myFICO Forums: Which Report Will They Pull, Part 2 (state grid, as of 07/09/23)",As of Jul 2023
Massachusetts,MA,Navy Federal Credit Union,Credit Unions,TransUnion,1,Outside sources,"myFICO Forums: Which Report Will They Pull, Part 2 (state grid, as of 07/09/23)",As of Jul 2023
New Jersey,NJ,Navy Federal Credit Union,Credit Unions,TransUnion,1,Outside sources,"myFICO Forums: Which Report Will They Pull, Part 2 (state grid, as of 07/09/23)",As of Jul 2023
New York,NY,Navy Federal Credit Union,Credit Unions,TransUnion,1,Outside sources,"myFICO Forums: Which Report Will They Pull, Part 2 (state grid, as of 07/09/23)",As of Jul 2023
South Carolina,SC,Navy Federal Credit Union,Credit Unions,TransUnion,1,Outside sources,"myFICO Forums: Which Report Will They Pull, Part 2 (state grid, as of 07/09/23)",As of Jul 2023
Texas,TX,Navy Federal Credit Union,Credit Unions,Experian,1,Outside sources,"myFICO Forums: Which Report Will They Pull, Part 2 (state grid, as of 07/09/23)",As of Jul 2023
Texas,TX,Navy Federal Credit Union,Credit Unions,TransUnion,1,Outside sources,"myFICO Forums: Which Report Will They Pull, Part 2 (state grid, as of 07/09/23)",As of Jul 2023
Virginia,VA,Navy Federal Credit Union,Credit Unions,TransUnion,1,Outside sources,"myFICO Forums: Which Report Will They Pull, Part 2 (state grid, as of 07/09/23)",As of Jul 2023
Texas,TX,"Zions Bancorporation banks (Nevada State Bank, Amegy, California Bank & Trust, National Bank of Arizona, Vectra, Zions)",Regional & Community Banks,Experian,1,Outside sources,"myFICO Forums: Which Report Will They Pull, Part 2 (state grid, as of 07/09/23)",As of Jul 2023
Indiana,IN,NorthPark Community CU,Not in lender database,Equifax,1,Outside sources,"myFICO Forums: Which Report Will They Pull, Part 2 (state grid, as of 07/09/23)",As of Jul 2023
Kansas,KS,Northwest FCU,Not in lender database,Equifax,1,Outside sources,"myFICO Forums: Which Report Will They Pull, Part 2 (state grid, as of 07/09/23)",As of Jul 2023
Florida,FL,Nusenda CU,Not in lender database,Experian,1,Outside sources,"myFICO Forums: Which Report Will They Pull, Part 2 (state grid, as of 07/09/23)",As of Jul 2023
South Carolina,SC,Palmetto Citizens FCU,Not in lender database,Equifax,1,Outside sources,"myFICO Forums: Which Report Will They Pull, Part 2 (state grid, as of 07/09/23)",As of Jul 2023
California,CA,Patelco Credit Union,Credit Unions,Experian,1,Outside sources,"myFICO Forums: Which Report Will They Pull, Part 2 (state grid, as of 07/09/23)",As of Jul 2023
Indiana,IN,Patelco Credit Union,Credit Unions,Experian,1,Outside sources,"myFICO Forums: Which Report Will They Pull, Part 2 (state grid, as of 07/09/23)",As of Jul 2023
South Carolina,SC,PCM CU (WI),Not in lender database,TransUnion,1,Outside sources,"myFICO Forums: Which Report Will They Pull, Part 2 (state grid, as of 07/09/23)",As of Jul 2023
California,CA,PenFed Credit Union (Pentagon FCU),Credit Unions,Equifax,1,Outside sources,"myFICO Forums: Which Report Will They Pull, Part 2 (state grid, as of 07/09/23)",As of Jul 2023
Florida,FL,PenFed Credit Union (Pentagon FCU),Credit Unions,Equifax,1,Outside sources,"myFICO Forums: Which Report Will They Pull, Part 2 (state grid, as of 07/09/23)",As of Jul 2023
Georgia,GA,PenFed Credit Union (Pentagon FCU),Credit Unions,Equifax,1,Outside sources,"myFICO Forums: Which Report Will They Pull, Part 2 (state grid, as of 07/09/23)",As of Jul 2023
Idaho,ID,PenFed Credit Union (Pentagon FCU),Credit Unions,TransUnion,1,Outside sources,"myFICO Forums: Which Report Will They Pull, Part 2 (state grid, as of 07/09/23)",As of Jul 2023
Illinois,IL,PenFed Credit Union (Pentagon FCU),Credit Unions,Equifax,1,Outside sources,"myFICO Forums: Which Report Will They Pull, Part 2 (state grid, as of 07/09/23)",As of Jul 2023
Indiana,IN,PenFed Credit Union (Pentagon FCU),Credit Unions,Equifax,1,Outside sources,"myFICO Forums: Which Report Will They Pull, Part 2 (state grid, as of 07/09/23)",As of Jul 2023
Kentucky,KY,PenFed Credit Union (Pentagon FCU),Credit Unions,Equifax,1,Outside sources,"myFICO Forums: Which Report Will They Pull, Part 2 (state grid, as of 07/09/23)",As of Jul 2023
New Jersey,NJ,PenFed Credit Union (Pentagon FCU),Credit Unions,Equifax,1,Outside sources,"myFICO Forums: Which Report Will They Pull, Part 2 (state grid, as of 07/09/23)",As of Jul 2023
New York,NY,PenFed Credit Union (Pentagon FCU),Credit Unions,Equifax,1,Outside sources,"myFICO Forums: Which Report Will They Pull, Part 2 (state grid, as of 07/09/23)",As of Jul 2023
Pennsylvania,PA,PenFed Credit Union (Pentagon FCU),Credit Unions,Equifax,1,Outside sources,"myFICO Forums: Which Report Will They Pull, Part 2 (state grid, as of 07/09/23)",As of Jul 2023
South Carolina,SC,PenFed Credit Union (Pentagon FCU),Credit Unions,Equifax,1,Outside sources,"myFICO Forums: Which Report Will They Pull, Part 2 (state grid, as of 07/09/23)",As of Jul 2023
Washington,WA,PenFed Credit Union (Pentagon FCU),Credit Unions,Equifax,1,Outside sources,"myFICO Forums: Which Report Will They Pull, Part 2 (state grid, as of 07/09/23)",As of Jul 2023
Arizona,AZ,PNC Bank,Regional & Community Banks,Experian,1,Outside sources,"myFICO Forums: Which Report Will They Pull, Part 2 (state grid, as of 07/09/23)",As of Jul 2023
Georgia,GA,PNC Bank,Regional & Community Banks,Experian,1,Outside sources,"myFICO Forums: Which Report Will They Pull, Part 2 (state grid, as of 07/09/23)",As of Jul 2023
Massachusetts,MA,PNC Bank,Regional & Community Banks,Experian,1,Outside sources,"myFICO Forums: Which Report Will They Pull, Part 2 (state grid, as of 07/09/23)",As of Jul 2023
Michigan,MI,PNC Bank,Regional & Community Banks,Experian,1,Outside sources,"myFICO Forums: Which Report Will They Pull, Part 2 (state grid, as of 07/09/23)",As of Jul 2023
New Jersey,NJ,PNC Bank,Regional & Community Banks,Experian,1,Outside sources,"myFICO Forums: Which Report Will They Pull, Part 2 (state grid, as of 07/09/23)",As of Jul 2023
New York,NY,PNC Bank,Regional & Community Banks,Experian,1,Outside sources,"myFICO Forums: Which Report Will They Pull, Part 2 (state grid, as of 07/09/23)",As of Jul 2023
Pennsylvania,PA,PNC Bank,Regional & Community Banks,Experian,1,Outside sources,"myFICO Forums: Which Report Will They Pull, Part 2 (state grid, as of 07/09/23)",As of Jul 2023
Pennsylvania,PA,PNC Bank,Regional & Community Banks,TransUnion,1,Outside sources,"myFICO Forums: Which Report Will They Pull, Part 2 (state grid, as of 07/09/23)",As of Jul 2023
South Carolina,SC,PNC Bank,Regional & Community Banks,Experian,1,Outside sources,"myFICO Forums: Which Report Will They Pull, Part 2 (state grid, as of 07/09/23)",As of Jul 2023
Florida,FL,Redstone Federal Credit Union,Credit Unions,Experian,1,Outside sources,"myFICO Forums: Which Report Will They Pull, Part 2 (state grid, as of 07/09/23)",As of Jul 2023
Indiana,IN,Redstone Federal Credit Union,Credit Unions,Experian,1,Outside sources,"myFICO Forums: Which Report Will They Pull, Part 2 (state grid, as of 07/09/23)",As of Jul 2023
Kansas,KS,Redstone Federal Credit Union,Credit Unions,Experian,1,Outside sources,"myFICO Forums: Which Report Will They Pull, Part 2 (state grid, as of 07/09/23)",As of Jul 2023
Illinois,IL,Regions Bank,Regional & Community Banks,TransUnion,1,Outside sources,"myFICO Forums: Which Report Will They Pull, Part 2 (state grid, as of 07/09/23)",As of Jul 2023
Kentucky,KY,Regions Bank,Regional & Community Banks,TransUnion,1,Outside sources,"myFICO Forums: Which Report Will They Pull, Part 2 (state grid, as of 07/09/23)",As of Jul 2023
Florida,FL,Safe CU,Not in lender database,TransUnion,1,Outside sources,"myFICO Forums: Which Report Will They Pull, Part 2 (state grid, as of 07/09/23)",As of Jul 2023
Alabama,AL,SECU (Maryland),Credit Unions,Equifax,1,Outside sources,"myFICO Forums: Which Report Will They Pull, Part 2 (state grid, as of 07/09/23)",As of Jul 2023
California,CA,Service Credit Union,Credit Unions,Experian,1,Outside sources,"myFICO Forums: Which Report Will They Pull, Part 2 (state grid, as of 07/09/23)",As of Jul 2023
Indiana,IN,Service Credit Union,Credit Unions,Experian,1,Outside sources,"myFICO Forums: Which Report Will They Pull, Part 2 (state grid, as of 07/09/23)",As of Jul 2023
Indiana,IN,Skyone FCU,Not in lender database,Experian,1,Outside sources,"myFICO Forums: Which Report Will They Pull, Part 2 (state grid, as of 07/09/23)",As of Jul 2023
Indiana,IN,SoFi,Personal Loans (Prime & Near-Prime),Experian,1,Outside sources,"myFICO Forums: Which Report Will They Pull, Part 2 (state grid, as of 07/09/23)",As of Jul 2023
Indiana,IN,State Department FCU,Credit Unions,Experian,1,Outside sources,"myFICO Forums: Which Report Will They Pull, Part 2 (state grid, as of 07/09/23)",As of Jul 2023
North Carolina,NC,State Department FCU,Credit Unions,Experian,1,Outside sources,"myFICO Forums: Which Report Will They Pull, Part 2 (state grid, as of 07/09/23)",As of Jul 2023
Pennsylvania,PA,State Department FCU,Credit Unions,Experian,1,Outside sources,"myFICO Forums: Which Report Will They Pull, Part 2 (state grid, as of 07/09/23)",As of Jul 2023
California,CA,"Synchrony Bank (Amazon, PayPal, Lowe's, Old Navy, HSN, CareCredit and others)",Retail / Store Card Issuers,TransUnion,1,Outside sources,"myFICO Forums: Which Report Will They Pull, Part 2 (state grid, as of 07/09/23)",As of Jul 2023
Florida,FL,"Synchrony Bank (Amazon, PayPal, Lowe's, Old Navy, HSN, CareCredit and others)",Retail / Store Card Issuers,TransUnion,1,Outside sources,"myFICO Forums: Which Report Will They Pull, Part 2 (state grid, as of 07/09/23)",As of Jul 2023
Georgia,GA,"Synchrony Bank (Amazon, PayPal, Lowe's, Old Navy, HSN, CareCredit and others)",Retail / Store Card Issuers,TransUnion,1,Outside sources,"myFICO Forums: Which Report Will They Pull, Part 2 (state grid, as of 07/09/23)",As of Jul 2023
Idaho,ID,"Synchrony Bank (Amazon, PayPal, Lowe's, Old Navy, HSN, CareCredit and others)",Retail / Store Card Issuers,TransUnion,1,Outside sources,"myFICO Forums: Which Report Will They Pull, Part 2 (state grid, as of 07/09/23)",As of Jul 2023
Illinois,IL,"Synchrony Bank (Amazon, PayPal, Lowe's, Old Navy, HSN, CareCredit and others)",Retail / Store Card Issuers,Experian,1,Outside sources,"myFICO Forums: Which Report Will They Pull, Part 2 (state grid, as of 07/09/23)",As of Jul 2023
Illinois,IL,"Synchrony Bank (Amazon, PayPal, Lowe's, Old Navy, HSN, CareCredit and others)",Retail / Store Card Issuers,TransUnion,1,Outside sources,"myFICO Forums: Which Report Will They Pull, Part 2 (state grid, as of 07/09/23)",As of Jul 2023
Indiana,IN,"Synchrony Bank (Amazon, PayPal, Lowe's, Old Navy, HSN, CareCredit and others)",Retail / Store Card Issuers,TransUnion,1,Outside sources,"myFICO Forums: Which Report Will They Pull, Part 2 (state grid, as of 07/09/23)",As of Jul 2023
Kansas,KS,"Synchrony Bank (Amazon, PayPal, Lowe's, Old Navy, HSN, CareCredit and others)",Retail / Store Card Issuers,TransUnion,1,Outside sources,"myFICO Forums: Which Report Will They Pull, Part 2 (state grid, as of 07/09/23)",As of Jul 2023
Kentucky,KY,"Synchrony Bank (Amazon, PayPal, Lowe's, Old Navy, HSN, CareCredit and others)",Retail / Store Card Issuers,TransUnion,1,Outside sources,"myFICO Forums: Which Report Will They Pull, Part 2 (state grid, as of 07/09/23)",As of Jul 2023
Massachusetts,MA,"Synchrony Bank (Amazon, PayPal, Lowe's, Old Navy, HSN, CareCredit and others)",Retail / Store Card Issuers,Experian,1,Outside sources,"myFICO Forums: Which Report Will They Pull, Part 2 (state grid, as of 07/09/23)",As of Jul 2023
Maryland,MD,"Synchrony Bank (Amazon, PayPal, Lowe's, Old Navy, HSN, CareCredit and others)",Retail / Store Card Issuers,TransUnion,1,Outside sources,"myFICO Forums: Which Report Will They Pull, Part 2 (state grid, as of 07/09/23)",As of Jul 2023
Minnesota,MN,"Synchrony Bank (Amazon, PayPal, Lowe's, Old Navy, HSN, CareCredit and others)",Retail / Store Card Issuers,TransUnion,1,Outside sources,"myFICO Forums: Which Report Will They Pull, Part 2 (state grid, as of 07/09/23)",As of Jul 2023
North Carolina,NC,"Synchrony Bank (Amazon, PayPal, Lowe's, Old Navy, HSN, CareCredit and others)",Retail / Store Card Issuers,Experian,1,Outside sources,"myFICO Forums: Which Report Will They Pull, Part 2 (state grid, as of 07/09/23)",As of Jul 2023
North Carolina,NC,"Synchrony Bank (Amazon, PayPal, Lowe's, Old Navy, HSN, CareCredit and others)",Retail / Store Card Issuers,Equifax,1,Outside sources,"myFICO Forums: Which Report Will They Pull, Part 2 (state grid, as of 07/09/23)",As of Jul 2023
North Carolina,NC,"Synchrony Bank (Amazon, PayPal, Lowe's, Old Navy, HSN, CareCredit and others)",Retail / Store Card Issuers,TransUnion,1,Outside sources,"myFICO Forums: Which Report Will They Pull, Part 2 (state grid, as of 07/09/23)",As of Jul 2023
New Jersey,NJ,"Synchrony Bank (Amazon, PayPal, Lowe's, Old Navy, HSN, CareCredit and others)",Retail / Store Card Issuers,Experian,1,Outside sources,"myFICO Forums: Which Report Will They Pull, Part 2 (state grid, as of 07/09/23)",As of Jul 2023
New Jersey,NJ,"Synchrony Bank (Amazon, PayPal, Lowe's, Old Navy, HSN, CareCredit and others)",Retail / Store Card Issuers,TransUnion,1,Outside sources,"myFICO Forums: Which Report Will They Pull, Part 2 (state grid, as of 07/09/23)",As of Jul 2023
Nevada,NV,"Synchrony Bank (Amazon, PayPal, Lowe's, Old Navy, HSN, CareCredit and others)",Retail / Store Card Issuers,Experian,1,Outside sources,"myFICO Forums: Which Report Will They Pull, Part 2 (state grid, as of 07/09/23)",As of Jul 2023
Nevada,NV,"Synchrony Bank (Amazon, PayPal, Lowe's, Old Navy, HSN, CareCredit and others)",Retail / Store Card Issuers,TransUnion,1,Outside sources,"myFICO Forums: Which Report Will They Pull, Part 2 (state grid, as of 07/09/23)",As of Jul 2023
New York,NY,"Synchrony Bank (Amazon, PayPal, Lowe's, Old Navy, HSN, CareCredit and others)",Retail / Store Card Issuers,Experian,1,Outside sources,"myFICO Forums: Which Report Will They Pull, Part 2 (state grid, as of 07/09/23)",As of Jul 2023
New York,NY,"Synchrony Bank (Amazon, PayPal, Lowe's, Old Navy, HSN, CareCredit and others)",Retail / Store Card Issuers,TransUnion,1,Outside sources,"myFICO Forums: Which Report Will They Pull, Part 2 (state grid, as of 07/09/23)",As of Jul 2023
Ohio,OH,"Synchrony Bank (Amazon, PayPal, Lowe's, Old Navy, HSN, CareCredit and others)",Retail / Store Card Issuers,TransUnion,1,Outside sources,"myFICO Forums: Which Report Will They Pull, Part 2 (state grid, as of 07/09/23)",As of Jul 2023
Pennsylvania,PA,"Synchrony Bank (Amazon, PayPal, Lowe's, Old Navy, HSN, CareCredit and others)",Retail / Store Card Issuers,Experian,1,Outside sources,"myFICO Forums: Which Report Will They Pull, Part 2 (state grid, as of 07/09/23)",As of Jul 2023
Pennsylvania,PA,"Synchrony Bank (Amazon, PayPal, Lowe's, Old Navy, HSN, CareCredit and others)",Retail / Store Card Issuers,TransUnion,1,Outside sources,"myFICO Forums: Which Report Will They Pull, Part 2 (state grid, as of 07/09/23)",As of Jul 2023
South Carolina,SC,"Synchrony Bank (Amazon, PayPal, Lowe's, Old Navy, HSN, CareCredit and others)",Retail / Store Card Issuers,TransUnion,1,Outside sources,"myFICO Forums: Which Report Will They Pull, Part 2 (state grid, as of 07/09/23)",As of Jul 2023
Texas,TX,"Synchrony Bank (Amazon, PayPal, Lowe's, Old Navy, HSN, CareCredit and others)",Retail / Store Card Issuers,Experian,1,Outside sources,"myFICO Forums: Which Report Will They Pull, Part 2 (state grid, as of 07/09/23)",As of Jul 2023
Texas,TX,"Synchrony Bank (Amazon, PayPal, Lowe's, Old Navy, HSN, CareCredit and others)",Retail / Store Card Issuers,Equifax,1,Outside sources,"myFICO Forums: Which Report Will They Pull, Part 2 (state grid, as of 07/09/23)",As of Jul 2023
Texas,TX,"Synchrony Bank (Amazon, PayPal, Lowe's, Old Navy, HSN, CareCredit and others)",Retail / Store Card Issuers,TransUnion,1,Outside sources,"myFICO Forums: Which Report Will They Pull, Part 2 (state grid, as of 07/09/23)",As of Jul 2023
Virginia,VA,"Synchrony Bank (Amazon, PayPal, Lowe's, Old Navy, HSN, CareCredit and others)",Retail / Store Card Issuers,Experian,1,Outside sources,"myFICO Forums: Which Report Will They Pull, Part 2 (state grid, as of 07/09/23)",As of Jul 2023
Virginia,VA,"Synchrony Bank (Amazon, PayPal, Lowe's, Old Navy, HSN, CareCredit and others)",Retail / Store Card Issuers,TransUnion,1,Outside sources,"myFICO Forums: Which Report Will They Pull, Part 2 (state grid, as of 07/09/23)",As of Jul 2023
Washington,WA,"Synchrony Bank (Amazon, PayPal, Lowe's, Old Navy, HSN, CareCredit and others)",Retail / Store Card Issuers,Experian,1,Outside sources,"myFICO Forums: Which Report Will They Pull, Part 2 (state grid, as of 07/09/23)",As of Jul 2023
Washington,WA,"Synchrony Bank (Amazon, PayPal, Lowe's, Old Navy, HSN, CareCredit and others)",Retail / Store Card Issuers,TransUnion,1,Outside sources,"myFICO Forums: Which Report Will They Pull, Part 2 (state grid, as of 07/09/23)",As of Jul 2023
Florida,FL,Synovus Bank,Regional & Community Banks,Equifax,1,Outside sources,"myFICO Forums: Which Report Will They Pull, Part 2 (state grid, as of 07/09/23)",As of Jul 2023
Georgia,GA,Synovus Bank,Regional & Community Banks,Equifax,1,Outside sources,"myFICO Forums: Which Report Will They Pull, Part 2 (state grid, as of 07/09/23)",As of Jul 2023
South Carolina,SC,Synovus Bank,Regional & Community Banks,Equifax,1,Outside sources,"myFICO Forums: Which Report Will They Pull, Part 2 (state grid, as of 07/09/23)",As of Jul 2023
Florida,FL,TD Bank,Regional & Community Banks,Experian,1,Outside sources,"myFICO Forums: Which Report Will They Pull, Part 2 (state grid, as of 07/09/23)",As of Jul 2023
Idaho,ID,TD Bank,Regional & Community Banks,TransUnion,1,Outside sources,"myFICO Forums: Which Report Will They Pull, Part 2 (state grid, as of 07/09/23)",As of Jul 2023
Kansas,KS,TD Bank,Regional & Community Banks,Experian,1,Outside sources,"myFICO Forums: Which Report Will They Pull, Part 2 (state grid, as of 07/09/23)",As of Jul 2023
Massachusetts,MA,TD Bank,Regional & Community Banks,Experian,1,Outside sources,"myFICO Forums: Which Report Will They Pull, Part 2 (state grid, as of 07/09/23)",As of Jul 2023
New Jersey,NJ,TD Bank,Regional & Community Banks,Experian,1,Outside sources,"myFICO Forums: Which Report Will They Pull, Part 2 (state grid, as of 07/09/23)",As of Jul 2023
Pennsylvania,PA,TD Bank,Regional & Community Banks,Experian,1,Outside sources,"myFICO Forums: Which Report Will They Pull, Part 2 (state grid, as of 07/09/23)",As of Jul 2023
South Carolina,SC,TD Bank,Regional & Community Banks,Experian,1,Outside sources,"myFICO Forums: Which Report Will They Pull, Part 2 (state grid, as of 07/09/23)",As of Jul 2023
California,CA,TD Bank (Target Circle Card),Retail / Store Card Issuers,Equifax,1,Outside sources,"myFICO Forums: Which Report Will They Pull, Part 2 (state grid, as of 07/09/23)",As of Jul 2023
Connecticut,CT,TD Bank (Target Circle Card),Retail / Store Card Issuers,Equifax,1,Outside sources,"myFICO Forums: Which Report Will They Pull, Part 2 (state grid, as of 07/09/23)",As of Jul 2023
Florida,FL,TD Bank (Target Circle Card),Retail / Store Card Issuers,Equifax,1,Outside sources,"myFICO Forums: Which Report Will They Pull, Part 2 (state grid, as of 07/09/23)",As of Jul 2023
Georgia,GA,TD Bank (Target Circle Card),Retail / Store Card Issuers,Equifax,1,Outside sources,"myFICO Forums: Which Report Will They Pull, Part 2 (state grid, as of 07/09/23)",As of Jul 2023
Illinois,IL,TD Bank (Target Circle Card),Retail / Store Card Issuers,Equifax,1,Outside sources,"myFICO Forums: Which Report Will They Pull, Part 2 (state grid, as of 07/09/23)",As of Jul 2023
Massachusetts,MA,TD Bank (Target Circle Card),Retail / Store Card Issuers,Equifax,1,Outside sources,"myFICO Forums: Which Report Will They Pull, Part 2 (state grid, as of 07/09/23)",As of Jul 2023
Maryland,MD,TD Bank (Target Circle Card),Retail / Store Card Issuers,Equifax,1,Outside sources,"myFICO Forums: Which Report Will They Pull, Part 2 (state grid, as of 07/09/23)",As of Jul 2023
Minnesota,MN,TD Bank (Target Circle Card),Retail / Store Card Issuers,Experian,1,Outside sources,"myFICO Forums: Which Report Will They Pull, Part 2 (state grid, as of 07/09/23)",As of Jul 2023
New Jersey,NJ,TD Bank (Target Circle Card),Retail / Store Card Issuers,Equifax,1,Outside sources,"myFICO Forums: Which Report Will They Pull, Part 2 (state grid, as of 07/09/23)",As of Jul 2023
Pennsylvania,PA,TD Bank (Target Circle Card),Retail / Store Card Issuers,Equifax,1,Outside sources,"myFICO Forums: Which Report Will They Pull, Part 2 (state grid, as of 07/09/23)",As of Jul 2023
South Carolina,SC,TD Bank (Target Circle Card),Retail / Store Card Issuers,Equifax,1,Outside sources,"myFICO Forums: Which Report Will They Pull, Part 2 (state grid, as of 07/09/23)",As of Jul 2023
Washington,WA,Twinstar CU (WA),Not in lender database,Experian,1,Outside sources,"myFICO Forums: Which Report Will They Pull, Part 2 (state grid, as of 07/09/23)",As of Jul 2023
Alabama,AL,U.S. Bank,Major Banks & Card Issuers,TransUnion,1,Outside sources,Doctor of Credit: What Credit Bureau Does U.S. Bank Pull?,2014-2016
Arizona,AZ,U.S. Bank,Major Banks & Card Issuers,TransUnion,1,Outside sources,Doctor of Credit: What Credit Bureau Does U.S. Bank Pull?,2014-2016
California,CA,U.S. Bank,Major Banks & Card Issuers,Experian,5,Outside sources,Doctor of Credit: What Credit Bureau Does U.S. Bank Pull?,2014-2016
California,CA,U.S. Bank,Major Banks & Card Issuers,Equifax,1,Outside sources,Doctor of Credit: What Credit Bureau Does U.S. Bank Pull?,2014-2016
California,CA,U.S. Bank,Major Banks & Card Issuers,TransUnion,9,Outside sources,Doctor of Credit: What Credit Bureau Does U.S. Bank Pull?,2014-2016
California,CA,U.S. Bank,Major Banks & Card Issuers,TransUnion,1,Outside sources,myFICO Forums: U.S. Bank pulls,2026
Colorado,CO,U.S. Bank,Major Banks & Card Issuers,Experian,4,Outside sources,Doctor of Credit: What Credit Bureau Does U.S. Bank Pull?,2014-2016
Delaware,DE,U.S. Bank,Major Banks & Card Issuers,TransUnion,1,Outside sources,Doctor of Credit: What Credit Bureau Does U.S. Bank Pull?,2014-2016
Florida,FL,U.S. Bank,Major Banks & Card Issuers,Equifax,1,Outside sources,Doctor of Credit: What Credit Bureau Does U.S. Bank Pull?,2014-2016
Florida,FL,U.S. Bank,Major Banks & Card Issuers,TransUnion,2,Outside sources,Doctor of Credit: What Credit Bureau Does U.S. Bank Pull?,2014-2016
Georgia,GA,U.S. Bank,Major Banks & Card Issuers,Experian,1,Outside sources,Doctor of Credit: What Credit Bureau Does U.S. Bank Pull?,2014-2016
Georgia,GA,U.S. Bank,Major Banks & Card Issuers,Equifax,3,Outside sources,Doctor of Credit: What Credit Bureau Does U.S. Bank Pull?,2014-2016
Georgia,GA,U.S. Bank,Major Banks & Card Issuers,TransUnion,2,Outside sources,Doctor of Credit: What Credit Bureau Does U.S. Bank Pull?,2014-2016
Georgia,GA,U.S. Bank,Major Banks & Card Issuers,TransUnion,1,Outside sources,myFICO Forums: U.S. Bank pulls,2026
Iowa,IA,U.S. Bank,Major Banks & Card Issuers,Equifax,2,Outside sources,Doctor of Credit: What Credit Bureau Does U.S. Bank Pull?,2014-2016
Illinois,IL,U.S. Bank,Major Banks & Card Issuers,Equifax,2,Outside sources,Doctor of Credit: What Credit Bureau Does U.S. Bank Pull?,2014-2016
Illinois,IL,U.S. Bank,Major Banks & Card Issuers,TransUnion,10,Outside sources,Doctor of Credit: What Credit Bureau Does U.S. Bank Pull?,2014-2016
Indiana,IN,U.S. Bank,Major Banks & Card Issuers,TransUnion,2,Outside sources,Doctor of Credit: What Credit Bureau Does U.S. Bank Pull?,2014-2016
Massachusetts,MA,U.S. Bank,Major Banks & Card Issuers,Experian,1,Outside sources,Doctor of Credit: What Credit Bureau Does U.S. Bank Pull?,2014-2016
Maryland,MD,U.S. Bank,Major Banks & Card Issuers,Equifax,1,Outside sources,Doctor of Credit: What Credit Bureau Does U.S. Bank Pull?,2014-2016
Michigan,MI,U.S. Bank,Major Banks & Card Issuers,TransUnion,1,Outside sources,Doctor of Credit: What Credit Bureau Does U.S. Bank Pull?,2014-2016
Minnesota,MN,U.S. Bank,Major Banks & Card Issuers,Experian,1,Outside sources,Doctor of Credit: What Credit Bureau Does U.S. Bank Pull?,2014-2016
Minnesota,MN,U.S. Bank,Major Banks & Card Issuers,TransUnion,2,Outside sources,Doctor of Credit: What Credit Bureau Does U.S. Bank Pull?,2014-2016
Missouri,MO,U.S. Bank,Major Banks & Card Issuers,Equifax,1,Outside sources,Doctor of Credit: What Credit Bureau Does U.S. Bank Pull?,2014-2016
North Carolina,NC,U.S. Bank,Major Banks & Card Issuers,Equifax,1,Outside sources,Doctor of Credit: What Credit Bureau Does U.S. Bank Pull?,2014-2016
Nebraska,NE,U.S. Bank,Major Banks & Card Issuers,Equifax,1,Outside sources,Doctor of Credit: What Credit Bureau Does U.S. Bank Pull?,2014-2016
New Hampshire,NH,U.S. Bank,Major Banks & Card Issuers,Experian,1,Outside sources,Doctor of Credit: What Credit Bureau Does U.S. Bank Pull?,2014-2016
New Jersey,NJ,U.S. Bank,Major Banks & Card Issuers,Experian,1,Outside sources,Doctor of Credit: What Credit Bureau Does U.S. Bank Pull?,2014-2016
New Jersey,NJ,U.S. Bank,Major Banks & Card Issuers,TransUnion,2,Outside sources,Doctor of Credit: What Credit Bureau Does U.S. Bank Pull?,2014-2016
Nevada,NV,U.S. Bank,Major Banks & Card Issuers,Experian,2,Outside sources,Doctor of Credit: What Credit Bureau Does U.S. Bank Pull?,2014-2016
New York,NY,U.S. Bank,Major Banks & Card Issuers,Experian,3,Outside sources,Doctor of Credit: What Credit Bureau Does U.S. Bank Pull?,2014-2016
New York,NY,U.S. Bank,Major Banks & Card Issuers,TransUnion,2,Outside sources,Doctor of Credit: What Credit Bureau Does U.S. Bank Pull?,2014-2016
New York,NY,U.S. Bank,Major Banks & Card Issuers,Experian,1,Outside sources,myFICO Forums: U.S. Bank pulls,2026
Ohio,OH,U.S. Bank,Major Banks & Card Issuers,TransUnion,4,Outside sources,Doctor of Credit: What Credit Bureau Does U.S. Bank Pull?,2014-2016
Oregon,OR,U.S. Bank,Major Banks & Card Issuers,TransUnion,4,Outside sources,Doctor of Credit: What Credit Bureau Does U.S. Bank Pull?,2014-2016
Pennsylvania,PA,U.S. Bank,Major Banks & Card Issuers,TransUnion,2,Outside sources,Doctor of Credit: What Credit Bureau Does U.S. Bank Pull?,2014-2016
South Carolina,SC,U.S. Bank,Major Banks & Card Issuers,Equifax,1,Outside sources,Doctor of Credit: What Credit Bureau Does U.S. Bank Pull?,2014-2016
South Dakota,SD,U.S. Bank,Major Banks & Card Issuers,Equifax,2,Outside sources,Doctor of Credit: What Credit Bureau Does U.S. Bank Pull?,2014-2016
Texas,TX,U.S. Bank,Major Banks & Card Issuers,Experian,3,Outside sources,Doctor of Credit: What Credit Bureau Does U.S. Bank Pull?,2014-2016
Texas,TX,U.S. Bank,Major Banks & Card Issuers,Equifax,5,Outside sources,Doctor of Credit: What Credit Bureau Does U.S. Bank Pull?,2014-2016
Utah,UT,U.S. Bank,Major Banks & Card Issuers,TransUnion,1,Outside sources,Doctor of Credit: What Credit Bureau Does U.S. Bank Pull?,2014-2016
Washington,WA,U.S. Bank,Major Banks & Card Issuers,TransUnion,1,Outside sources,Doctor of Credit: What Credit Bureau Does U.S. Bank Pull?,2014-2016
South Carolina,SC,UMB,Not in lender database,TransUnion,1,Outside sources,"myFICO Forums: Which Report Will They Pull, Part 2 (state grid, as of 07/09/23)",As of Jul 2023
Washington,WA,Umpqua Bank,Not in lender database,Experian,1,Outside sources,"myFICO Forums: Which Report Will They Pull, Part 2 (state grid, as of 07/09/23)",As of Jul 2023
Massachusetts,MA,United Nations FCU,Not in lender database,Experian,1,Outside sources,"myFICO Forums: Which Report Will They Pull, Part 2 (state grid, as of 07/09/23)",As of Jul 2023
Arizona,AZ,U.S. Bank,Major Banks & Card Issuers,TransUnion,1,Outside sources,"myFICO Forums: Which Report Will They Pull, Part 2 (state grid, as of 07/09/23)",As of Jul 2023
California,CA,U.S. Bank,Major Banks & Card Issuers,Experian,1,Outside sources,"myFICO Forums: Which Report Will They Pull, Part 2 (state grid, as of 07/09/23)",As of Jul 2023
California,CA,U.S. Bank,Major Banks & Card Issuers,TransUnion,1,Outside sources,"myFICO Forums: Which Report Will They Pull, Part 2 (state grid, as of 07/09/23)",As of Jul 2023
Colorado,CO,U.S. Bank,Major Banks & Card Issuers,Experian,1,Outside sources,"myFICO Forums: Which Report Will They Pull, Part 2 (state grid, as of 07/09/23)",As of Jul 2023
Florida,FL,U.S. Bank,Major Banks & Card Issuers,Equifax,1,Outside sources,"myFICO Forums: Which Report Will They Pull, Part 2 (state grid, as of 07/09/23)",As of Jul 2023
Florida,FL,U.S. Bank,Major Banks & Card Issuers,TransUnion,1,Outside sources,"myFICO Forums: Which Report Will They Pull, Part 2 (state grid, as of 07/09/23)",As of Jul 2023
Georgia,GA,U.S. Bank,Major Banks & Card Issuers,Experian,1,Outside sources,"myFICO Forums: Which Report Will They Pull, Part 2 (state grid, as of 07/09/23)",As of Jul 2023
Georgia,GA,U.S. Bank,Major Banks & Card Issuers,Equifax,1,Outside sources,"myFICO Forums: Which Report Will They Pull, Part 2 (state grid, as of 07/09/23)",As of Jul 2023
Georgia,GA,U.S. Bank,Major Banks & Card Issuers,TransUnion,1,Outside sources,"myFICO Forums: Which Report Will They Pull, Part 2 (state grid, as of 07/09/23)",As of Jul 2023
Indiana,IN,U.S. Bank,Major Banks & Card Issuers,TransUnion,1,Outside sources,"myFICO Forums: Which Report Will They Pull, Part 2 (state grid, as of 07/09/23)",As of Jul 2023
Louisiana,LA,U.S. Bank,Major Banks & Card Issuers,Equifax,1,Outside sources,"myFICO Forums: Which Report Will They Pull, Part 2 (state grid, as of 07/09/23)",As of Jul 2023
Massachusetts,MA,U.S. Bank,Major Banks & Card Issuers,Experian,1,Outside sources,"myFICO Forums: Which Report Will They Pull, Part 2 (state grid, as of 07/09/23)",As of Jul 2023
Massachusetts,MA,U.S. Bank,Major Banks & Card Issuers,Equifax,1,Outside sources,"myFICO Forums: Which Report Will They Pull, Part 2 (state grid, as of 07/09/23)",As of Jul 2023
Minnesota,MN,U.S. Bank,Major Banks & Card Issuers,TransUnion,1,Outside sources,"myFICO Forums: Which Report Will They Pull, Part 2 (state grid, as of 07/09/23)",As of Jul 2023
North Carolina,NC,U.S. Bank,Major Banks & Card Issuers,Experian,1,Outside sources,"myFICO Forums: Which Report Will They Pull, Part 2 (state grid, as of 07/09/23)",As of Jul 2023
North Carolina,NC,U.S. Bank,Major Banks & Card Issuers,Equifax,1,Outside sources,"myFICO Forums: Which Report Will They Pull, Part 2 (state grid, as of 07/09/23)",As of Jul 2023
New Jersey,NJ,U.S. Bank,Major Banks & Card Issuers,Experian,1,Outside sources,"myFICO Forums: Which Report Will They Pull, Part 2 (state grid, as of 07/09/23)",As of Jul 2023
New Jersey,NJ,U.S. Bank,Major Banks & Card Issuers,TransUnion,1,Outside sources,"myFICO Forums: Which Report Will They Pull, Part 2 (state grid, as of 07/09/23)",As of Jul 2023
New York,NY,U.S. Bank,Major Banks & Card Issuers,Experian,1,Outside sources,"myFICO Forums: Which Report Will They Pull, Part 2 (state grid, as of 07/09/23)",As of Jul 2023
New York,NY,U.S. Bank,Major Banks & Card Issuers,TransUnion,1,Outside sources,"myFICO Forums: Which Report Will They Pull, Part 2 (state grid, as of 07/09/23)",As of Jul 2023
Ohio,OH,U.S. Bank,Major Banks & Card Issuers,TransUnion,1,Outside sources,"myFICO Forums: Which Report Will They Pull, Part 2 (state grid, as of 07/09/23)",As of Jul 2023
Oregon,OR,U.S. Bank,Major Banks & Card Issuers,Experian,1,Outside sources,"myFICO Forums: Which Report Will They Pull, Part 2 (state grid, as of 07/09/23)",As of Jul 2023
Pennsylvania,PA,U.S. Bank,Major Banks & Card Issuers,Experian,1,Outside sources,"myFICO Forums: Which Report Will They Pull, Part 2 (state grid, as of 07/09/23)",As of Jul 2023
Pennsylvania,PA,U.S. Bank,Major Banks & Card Issuers,TransUnion,1,Outside sources,"myFICO Forums: Which Report Will They Pull, Part 2 (state grid, as of 07/09/23)",As of Jul 2023
South Carolina,SC,U.S. Bank,Major Banks & Card Issuers,Experian,1,Outside sources,"myFICO Forums: Which Report Will They Pull, Part 2 (state grid, as of 07/09/23)",As of Jul 2023
South Carolina,SC,U.S. Bank,Major Banks & Card Issuers,Equifax,1,Outside sources,"myFICO Forums: Which Report Will They Pull, Part 2 (state grid, as of 07/09/23)",As of Jul 2023
South Carolina,SC,U.S. Bank,Major Banks & Card Issuers,TransUnion,1,Outside sources,"myFICO Forums: Which Report Will They Pull, Part 2 (state grid, as of 07/09/23)",As of Jul 2023
Texas,TX,U.S. Bank,Major Banks & Card Issuers,Experian,1,Outside sources,"myFICO Forums: Which Report Will They Pull, Part 2 (state grid, as of 07/09/23)",As of Jul 2023
Texas,TX,U.S. Bank,Major Banks & Card Issuers,Equifax,1,Outside sources,"myFICO Forums: Which Report Will They Pull, Part 2 (state grid, as of 07/09/23)",As of Jul 2023
Virginia,VA,U.S. Bank,Major Banks & Card Issuers,Equifax,1,Outside sources,"myFICO Forums: Which Report Will They Pull, Part 2 (state grid, as of 07/09/23)",As of Jul 2023
Washington,WA,U.S. Bank,Major Banks & Card Issuers,Equifax,1,Outside sources,"myFICO Forums: Which Report Will They Pull, Part 2 (state grid, as of 07/09/23)",As of Jul 2023
Washington,WA,U.S. Bank,Major Banks & Card Issuers,TransUnion,1,Outside sources,"myFICO Forums: Which Report Will They Pull, Part 2 (state grid, as of 07/09/23)",As of Jul 2023
Florida,FL,USAA (Federal Savings Bank / Savings Bank),Credit Unions,Experian,1,Outside sources,"myFICO Forums: Which Report Will They Pull, Part 2 (state grid, as of 07/09/23)",As of Jul 2023
Georgia,GA,USAA (Federal Savings Bank / Savings Bank),Credit Unions,Experian,1,Outside sources,"myFICO Forums: Which Report Will They Pull, Part 2 (state grid, as of 07/09/23)",As of Jul 2023
Illinois,IL,USAA (Federal Savings Bank / Savings Bank),Credit Unions,Experian,1,Outside sources,"myFICO Forums: Which Report Will They Pull, Part 2 (state grid, as of 07/09/23)",As of Jul 2023
Maryland,MD,USAA (Federal Savings Bank / Savings Bank),Credit Unions,Experian,1,Outside sources,"myFICO Forums: Which Report Will They Pull, Part 2 (state grid, as of 07/09/23)",As of Jul 2023
New York,NY,USAA (Federal Savings Bank / Savings Bank),Credit Unions,Experian,1,Outside sources,"myFICO Forums: Which Report Will They Pull, Part 2 (state grid, as of 07/09/23)",As of Jul 2023
Washington,WA,USAA (Federal Savings Bank / Savings Bank),Credit Unions,Experian,1,Outside sources,"myFICO Forums: Which Report Will They Pull, Part 2 (state grid, as of 07/09/23)",As of Jul 2023
Kansas,KS,Veridian Credit Union (Iowa),Credit Unions,TransUnion,1,Outside sources,"myFICO Forums: Which Report Will They Pull, Part 2 (state grid, as of 07/09/23)",As of Jul 2023
Virginia,VA,Virginia Credit Union,Not in lender database,Equifax,1,Outside sources,"myFICO Forums: Which Report Will They Pull, Part 2 (state grid, as of 07/09/23)",As of Jul 2023
Indiana,IN,WebBank,Not in lender database,Experian,1,Outside sources,"myFICO Forums: Which Report Will They Pull, Part 2 (state grid, as of 07/09/23)",As of Jul 2023
New Jersey,NJ,WebBank,Not in lender database,TransUnion,1,Outside sources,"myFICO Forums: Which Report Will They Pull, Part 2 (state grid, as of 07/09/23)",As of Jul 2023
California,CA,Wells Fargo (Card Services),Major Banks & Card Issuers,Experian,1,Outside sources,"myFICO Forums: Which Report Will They Pull, Part 2 (state grid, as of 07/09/23)",As of Jul 2023
California,CA,Wells Fargo (Card Services),Major Banks & Card Issuers,TransUnion,1,Outside sources,"myFICO Forums: Which Report Will They Pull, Part 2 (state grid, as of 07/09/23)",As of Jul 2023
Connecticut,CT,Wells Fargo (Card Services),Major Banks & Card Issuers,Experian,1,Outside sources,"myFICO Forums: Which Report Will They Pull, Part 2 (state grid, as of 07/09/23)",As of Jul 2023
Florida,FL,Wells Fargo (Card Services),Major Banks & Card Issuers,Experian,1,Outside sources,"myFICO Forums: Which Report Will They Pull, Part 2 (state grid, as of 07/09/23)",As of Jul 2023
Georgia,GA,Wells Fargo (Card Services),Major Banks & Card Issuers,Experian,1,Outside sources,"myFICO Forums: Which Report Will They Pull, Part 2 (state grid, as of 07/09/23)",As of Jul 2023
Georgia,GA,Wells Fargo (Card Services),Major Banks & Card Issuers,TransUnion,1,Outside sources,"myFICO Forums: Which Report Will They Pull, Part 2 (state grid, as of 07/09/23)",As of Jul 2023
Illinois,IL,Wells Fargo (Card Services),Major Banks & Card Issuers,Experian,1,Outside sources,"myFICO Forums: Which Report Will They Pull, Part 2 (state grid, as of 07/09/23)",As of Jul 2023
Illinois,IL,Wells Fargo (Card Services),Major Banks & Card Issuers,Equifax,1,Outside sources,"myFICO Forums: Which Report Will They Pull, Part 2 (state grid, as of 07/09/23)",As of Jul 2023
Illinois,IL,Wells Fargo (Card Services),Major Banks & Card Issuers,TransUnion,1,Outside sources,"myFICO Forums: Which Report Will They Pull, Part 2 (state grid, as of 07/09/23)",As of Jul 2023
Kentucky,KY,Wells Fargo (Card Services),Major Banks & Card Issuers,Experian,1,Outside sources,"myFICO Forums: Which Report Will They Pull, Part 2 (state grid, as of 07/09/23)",As of Jul 2023
Massachusetts,MA,Wells Fargo (Card Services),Major Banks & Card Issuers,Experian,1,Outside sources,"myFICO Forums: Which Report Will They Pull, Part 2 (state grid, as of 07/09/23)",As of Jul 2023
Minnesota,MN,Wells Fargo (Card Services),Major Banks & Card Issuers,Experian,1,Outside sources,"myFICO Forums: Which Report Will They Pull, Part 2 (state grid, as of 07/09/23)",As of Jul 2023
New York,NY,Wells Fargo (Card Services),Major Banks & Card Issuers,Experian,1,Outside sources,"myFICO Forums: Which Report Will They Pull, Part 2 (state grid, as of 07/09/23)",As of Jul 2023
New York,NY,Wells Fargo (Card Services),Major Banks & Card Issuers,Equifax,1,Outside sources,"myFICO Forums: Which Report Will They Pull, Part 2 (state grid, as of 07/09/23)",As of Jul 2023
Ohio,OH,Wells Fargo (Card Services),Major Banks & Card Issuers,Experian,1,Outside sources,"myFICO Forums: Which Report Will They Pull, Part 2 (state grid, as of 07/09/23)",As of Jul 2023
Ohio,OH,Wells Fargo (Card Services),Major Banks & Card Issuers,TransUnion,1,Outside sources,"myFICO Forums: Which Report Will They Pull, Part 2 (state grid, as of 07/09/23)",As of Jul 2023
Pennsylvania,PA,Wells Fargo (Card Services),Major Banks & Card Issuers,Experian,1,Outside sources,"myFICO Forums: Which Report Will They Pull, Part 2 (state grid, as of 07/09/23)",As of Jul 2023
South Carolina,SC,Wells Fargo (Card Services),Major Banks & Card Issuers,Experian,1,Outside sources,"myFICO Forums: Which Report Will They Pull, Part 2 (state grid, as of 07/09/23)",As of Jul 2023
Texas,TX,Wells Fargo (Card Services),Major Banks & Card Issuers,Experian,1,Outside sources,"myFICO Forums: Which Report Will They Pull, Part 2 (state grid, as of 07/09/23)",As of Jul 2023
Texas,TX,Wells Fargo (Card Services),Major Banks & Card Issuers,Equifax,1,Outside sources,"myFICO Forums: Which Report Will They Pull, Part 2 (state grid, as of 07/09/23)",As of Jul 2023
Washington,WA,Wells Fargo (Card Services),Major Banks & Card Issuers,Experian,1,Outside sources,"myFICO Forums: Which Report Will They Pull, Part 2 (state grid, as of 07/09/23)",As of Jul 2023
Washington,WA,Wells Fargo (Card Services),Major Banks & Card Issuers,TransUnion,1,Outside sources,"myFICO Forums: Which Report Will They Pull, Part 2 (state grid, as of 07/09/23)",As of Jul 2023
West Virginia,WV,Wells Fargo (Card Services),Major Banks & Card Issuers,Experian,1,Outside sources,"myFICO Forums: Which Report Will They Pull, Part 2 (state grid, as of 07/09/23)",As of Jul 2023
Arizona,AZ,Wells Fargo (Card Services),Major Banks & Card Issuers,Experian,3,Outside sources,Doctor of Credit: What Credit Bureau Does Wells Fargo Pull?,2014-2016
California,CA,Wells Fargo (Card Services),Major Banks & Card Issuers,Experian,9,Outside sources,Doctor of Credit: What Credit Bureau Does Wells Fargo Pull?,2014-2016
California,CA,Wells Fargo (Card Services),Major Banks & Card Issuers,Equifax,1,Outside sources,Doctor of Credit: What Credit Bureau Does Wells Fargo Pull?,2014-2016
California,CA,Wells Fargo (Card Services),Major Banks & Card Issuers,TransUnion,2,Outside sources,Doctor of Credit: What Credit Bureau Does Wells Fargo Pull?,2014-2016
Colorado,CO,Wells Fargo (Card Services),Major Banks & Card Issuers,Equifax,2,Outside sources,Doctor of Credit: What Credit Bureau Does Wells Fargo Pull?,2014-2016
Florida,FL,Wells Fargo (Card Services),Major Banks & Card Issuers,Experian,2,Outside sources,Doctor of Credit: What Credit Bureau Does Wells Fargo Pull?,2014-2016
Florida,FL,Wells Fargo (Card Services),Major Banks & Card Issuers,Equifax,1,Outside sources,Doctor of Credit: What Credit Bureau Does Wells Fargo Pull?,2014-2016
Georgia,GA,Wells Fargo (Card Services),Major Banks & Card Issuers,Experian,1,Outside sources,Doctor of Credit: What Credit Bureau Does Wells Fargo Pull?,2014-2016
Georgia,GA,Wells Fargo (Card Services),Major Banks & Card Issuers,TransUnion,8,Outside sources,Doctor of Credit: What Credit Bureau Does Wells Fargo Pull?,2014-2016
Iowa,IA,Wells Fargo (Card Services),Major Banks & Card Issuers,Experian,1,Outside sources,Doctor of Credit: What Credit Bureau Does Wells Fargo Pull?,2014-2016
Louisiana,LA,Wells Fargo (Card Services),Major Banks & Card Issuers,Experian,2,Outside sources,Doctor of Credit: What Credit Bureau Does Wells Fargo Pull?,2014-2016
Massachusetts,MA,Wells Fargo (Card Services),Major Banks & Card Issuers,TransUnion,1,Outside sources,Doctor of Credit: What Credit Bureau Does Wells Fargo Pull?,2014-2016
Michigan,MI,Wells Fargo (Card Services),Major Banks & Card Issuers,Equifax,1,Outside sources,Doctor of Credit: What Credit Bureau Does Wells Fargo Pull?,2014-2016
Minnesota,MN,Wells Fargo (Card Services),Major Banks & Card Issuers,Experian,3,Outside sources,Doctor of Credit: What Credit Bureau Does Wells Fargo Pull?,2014-2016
North Carolina,NC,Wells Fargo (Card Services),Major Banks & Card Issuers,Experian,1,Outside sources,Doctor of Credit: What Credit Bureau Does Wells Fargo Pull?,2014-2016
North Carolina,NC,Wells Fargo (Card Services),Major Banks & Card Issuers,Equifax,3,Outside sources,Doctor of Credit: What Credit Bureau Does Wells Fargo Pull?,2014-2016
North Carolina,NC,Wells Fargo (Card Services),Major Banks & Card Issuers,TransUnion,2,Outside sources,Doctor of Credit: What Credit Bureau Does Wells Fargo Pull?,2014-2016
New Hampshire,NH,Wells Fargo (Card Services),Major Banks & Card Issuers,Experian,1,Outside sources,Doctor of Credit: What Credit Bureau Does Wells Fargo Pull?,2014-2016
New Jersey,NJ,Wells Fargo (Card Services),Major Banks & Card Issuers,TransUnion,2,Outside sources,Doctor of Credit: What Credit Bureau Does Wells Fargo Pull?,2014-2016
Nevada,NV,Wells Fargo (Card Services),Major Banks & Card Issuers,Experian,2,Outside sources,Doctor of Credit: What Credit Bureau Does Wells Fargo Pull?,2014-2016
New York,NY,Wells Fargo (Card Services),Major Banks & Card Issuers,Experian,3,Outside sources,Doctor of Credit: What Credit Bureau Does Wells Fargo Pull?,2014-2016
New York,NY,Wells Fargo (Card Services),Major Banks & Card Issuers,Equifax,1,Outside sources,Doctor of Credit: What Credit Bureau Does Wells Fargo Pull?,2014-2016
Ohio,OH,Wells Fargo (Card Services),Major Banks & Card Issuers,Experian,2,Outside sources,Doctor of Credit: What Credit Bureau Does Wells Fargo Pull?,2014-2016
Ohio,OH,Wells Fargo (Card Services),Major Banks & Card Issuers,TransUnion,4,Outside sources,Doctor of Credit: What Credit Bureau Does Wells Fargo Pull?,2014-2016
Oregon,OR,Wells Fargo (Card Services),Major Banks & Card Issuers,Experian,1,Outside sources,Doctor of Credit: What Credit Bureau Does Wells Fargo Pull?,2014-2016
Pennsylvania,PA,Wells Fargo (Card Services),Major Banks & Card Issuers,Equifax,2,Outside sources,Doctor of Credit: What Credit Bureau Does Wells Fargo Pull?,2014-2016
Pennsylvania,PA,Wells Fargo (Card Services),Major Banks & Card Issuers,TransUnion,1,Outside sources,Doctor of Credit: What Credit Bureau Does Wells Fargo Pull?,2014-2016
Tennessee,TN,Wells Fargo (Card Services),Major Banks & Card Issuers,TransUnion,1,Outside sources,Doctor of Credit: What Credit Bureau Does Wells Fargo Pull?,2014-2016
Texas,TX,Wells Fargo (Card Services),Major Banks & Card Issuers,Experian,6,Outside sources,Doctor of Credit: What Credit Bureau Does Wells Fargo Pull?,2014-2016
Texas,TX,Wells Fargo (Card Services),Major Banks & Card Issuers,Equifax,1,Outside sources,Doctor of Credit: What Credit Bureau Does Wells Fargo Pull?,2014-2016
Texas,TX,Wells Fargo (Card Services),Major Banks & Card Issuers,TransUnion,7,Outside sources,Doctor of Credit: What Credit Bureau Does Wells Fargo Pull?,2014-2016
Virginia,VA,Wells Fargo (Card Services),Major Banks & Card Issuers,TransUnion,2,Outside sources,Doctor of Credit: What Credit Bureau Does Wells Fargo Pull?,2014-2016
Washington,WA,Wells Fargo (Card Services),Major Banks & Card Issuers,Equifax,1,Outside sources,Doctor of Credit: What Credit Bureau Does Wells Fargo Pull?,2014-2016
Texas,TX,"Zions Bancorporation banks (Nevada State Bank, Amegy, California Bank & Trust, National Bank of Arizona, Vectra, Zions)",Regional & Community Banks,Experian,1,Outside sources,"myFICO Forums: Which Report Will They Pull, Part 2 (state grid, as of 07/09/23)",As of Jul 2023
