State,StateAbbr,Lender,Lender Datapoints in State,Close Call State,P_Equifax,P_Experian,P_TransUnion,Most Likely Bureau,Lead Probability,Cell Label,Evidence
Alabama,AL,American Express,2,Yes,0.0569732371936294,0.8823875241299527,0.0606392386764177,Experian,0.8823875241299527,EX 88%,Lender seen in this state
Alabama,AL,Apple Card,0,Yes,0.1935742973309294,0.1370565700738435,0.669369132595227,TransUnion,0.669369132595227,TU 67%,Estimated from other states
Alabama,AL,Bank of America,3,Yes,0.1299408624053624,0.5377575704649844,0.3323015671296531,Experian,0.5377575704649844,EX 54%,Lender seen in this state
Alabama,AL,Barclays,0,Yes,0.1545202125358567,0.2197289491400441,0.6257508383240992,TransUnion,0.6257508383240992,TU 63%,Estimated from other states
Alabama,AL,Capital One,0,Yes,0.4435187630146034,0.3195620677914769,0.2369191691939195,Equifax,0.4435187630146034,EQ 44%,Estimated from other states
Alabama,AL,Chase,4,Yes,0.4338034716166342,0.3176272079901289,0.2485693203932368,Equifax,0.4338034716166342,EQ 43%,Lender seen in this state
Alabama,AL,Citi,1,Yes,0.571698236566667,0.327087258644412,0.1012145047889209,Equifax,0.571698236566667,EQ 57%,Lender seen in this state
Alabama,AL,Comenity / Bread,0,Yes,0.5001413983215677,0.3748904095155347,0.1249681921628975,Equifax,0.5001413983215677,EQ 50%,Estimated from other states
Alabama,AL,Discover,0,Yes,0.3185825444826375,0.5462762425718406,0.1351412129455218,Experian,0.5462762425718406,EX 55%,Estimated from other states
Alabama,AL,Elan,1,Yes,0.2690196266185239,0.1853514928641538,0.5456288805173222,TransUnion,0.5456288805173222,TU 55%,Lender seen in this state
Alabama,AL,Navy Federal,0,Yes,0.2433999639831889,0.1790275704517489,0.5775724655650621,TransUnion,0.5775724655650621,TU 58%,Estimated from other states
Alabama,AL,Synchrony,0,Yes,0.1963016911314414,0.2568119827842181,0.5468863260843404,TransUnion,0.5468863260843404,TU 55%,Estimated from other states
Alabama,AL,U.S. Bank,1,Yes,0.3325769405781853,0.1888481555045177,0.4785749039172968,TransUnion,0.4785749039172968,TU 48%,Lender seen in this state
Alabama,AL,Wells Fargo,0,Yes,0.2849912232359466,0.4109602364416005,0.3040485403224527,Experian,0.4109602364416005,EX 41%,Estimated from other states
Alaska,AK,American Express,0,No,0.0355296481282081,0.914474293830294,0.049996058041498,Experian,0.914474293830294,EX 91%,Estimated from other states
Alaska,AK,Apple Card,0,No,0.1462251012673677,0.1896360939086997,0.6641388048239324,TransUnion,0.6641388048239324,TU 66%,Estimated from other states
Alaska,AK,Bank of America,1,No,0.092301654693767,0.6417803247206434,0.2659180205855895,Experian,0.6417803247206434,EX 64%,Lender seen in this state
Alaska,AK,Barclays,0,No,0.11206102261909,0.2918794141918721,0.5960595631890379,TransUnion,0.5960595631890379,TU 60%,Estimated from other states
Alaska,AK,Capital One,0,No,0.3309752801726116,0.4368030745177663,0.232221645309622,Experian,0.4368030745177663,EX 44%,Estimated from other states
Alaska,AK,Chase,0,No,0.2934949110898688,0.4502617707210895,0.2562433181890416,Experian,0.4502617707210895,EX 45%,Estimated from other states
Alaska,AK,Citi,0,No,0.3839510293927098,0.5105248124852036,0.1055241581220865,Experian,0.5105248124852036,EX 51%,Estimated from other states
Alaska,AK,Comenity / Bread,0,No,0.3702124227821738,0.5082874852799263,0.1215000919378998,Experian,0.5082874852799263,EX 51%,Estimated from other states
Alaska,AK,Discover,0,No,0.2128590625389462,0.6685430599669904,0.1185978774940634,Experian,0.6685430599669904,EX 67%,Estimated from other states
Alaska,AK,Elan,0,No,0.2282276771670771,0.2812329750845511,0.4905393477483718,TransUnion,0.4905393477483718,TU 49%,Estimated from other states
Alaska,AK,Navy Federal,0,No,0.1830155944384021,0.2465666915880583,0.5704177139735396,TransUnion,0.5704177139735396,TU 57%,Estimated from other states
Alaska,AK,Synchrony,0,No,0.1417327529358158,0.3396318168293865,0.5186354302347977,TransUnion,0.5186354302347977,TU 52%,Estimated from other states
Alaska,AK,U.S. Bank,0,No,0.2859934255932299,0.2879514221227837,0.4260551522839863,TransUnion,0.4260551522839863,TU 43%,Estimated from other states
Alaska,AK,Wells Fargo,0,No,0.1983110911680257,0.5237960560726302,0.2778928527593441,Experian,0.5237960560726302,EX 52%,Estimated from other states
Arizona,AZ,American Express,8,No,0.0208652717652693,0.9269936552151464,0.0521410730195843,Experian,0.9269936552151464,EX 93%,Lender seen in this state
Arizona,AZ,Apple Card,0,No,0.1003677123158185,0.2364633437019503,0.6631689439822311,TransUnion,0.6631689439822311,TU 66%,Estimated from other states
Arizona,AZ,Bank of America,3,No,0.0865716199169713,0.6019313601940874,0.3114970198889412,Experian,0.6019313601940874,EX 60%,Lender seen in this state
Arizona,AZ,Barclays,0,No,0.0742405992427644,0.3512861957315121,0.5744732050257235,TransUnion,0.5744732050257235,TU 57%,Estimated from other states
Arizona,AZ,Capital One,4,No,0.2241328899596009,0.5635615999708539,0.2123055100695451,Experian,0.5635615999708539,EX 56%,Lender seen in this state
Arizona,AZ,Chase,3,No,0.2138491880333853,0.5886567273961141,0.1974940845705005,Experian,0.5886567273961141,EX 59%,Lender seen in this state
Arizona,AZ,Citi,9,No,0.3179431215647464,0.5410505049618196,0.1410063734734339,Experian,0.5410505049618196,EX 54%,Lender seen in this state
Arizona,AZ,Comenity / Bread,0,No,0.2517859236003856,0.6280013921339185,0.1202126842656959,Experian,0.6280013921339185,EX 63%,Estimated from other states
Arizona,AZ,Discover,3,No,0.1052944034648256,0.8086699325550245,0.0860356639801497,Experian,0.8086699325550245,EX 81%,Lender seen in this state
Arizona,AZ,Elan,2,No,0.1367484207513854,0.2867925685617589,0.5764590106868557,TransUnion,0.5764590106868557,TU 58%,Lender seen in this state
Arizona,AZ,Navy Federal,0,No,0.1252875093060865,0.3066371835960942,0.5680753070978193,TransUnion,0.5680753070978193,TU 57%,Estimated from other states
Arizona,AZ,Synchrony,0,No,0.0936631746811414,0.4077347721553513,0.4986020531635071,TransUnion,0.4986020531635071,TU 50%,Estimated from other states
Arizona,AZ,U.S. Bank,3,No,0.1608577253323905,0.2708458252335873,0.5682964494340221,TransUnion,0.5682964494340221,TU 57%,Lender seen in this state
Arizona,AZ,Wells Fargo,4,No,0.0959060249514647,0.7321038801298255,0.1719900949187096,Experian,0.7321038801298255,EX 73%,Lender seen in this state
Arkansas,AR,American Express,3,No,0.0289494973374482,0.9118741411157424,0.0591763615468094,Experian,0.9118741411157424,EX 91%,Lender seen in this state
Arkansas,AR,Apple Card,0,No,0.1082976667604863,0.1554193290989081,0.7362830041406054,TransUnion,0.7362830041406054,TU 74%,Estimated from other states
Arkansas,AR,Bank of America,3,No,0.0693293299142257,0.6679214056288119,0.2627492644569624,Experian,0.6679214056288119,EX 67%,Lender seen in this state
Arkansas,AR,Barclays,0,No,0.0844287432170731,0.2433470403736913,0.6722242164092357,TransUnion,0.6722242164092357,TU 67%,Estimated from other states
Arkansas,AR,Capital One,0,No,0.2848454988464273,0.415993312224355,0.2991611889292176,Experian,0.415993312224355,EX 42%,Estimated from other states
Arkansas,AR,Chase,2,No,0.2870006123871533,0.4375333015590663,0.2754660860537803,Experian,0.4375333015590663,EX 44%,Lender seen in this state
Arkansas,AR,Citi,3,No,0.3037137274493374,0.3976776849756755,0.298608587574987,Experian,0.3976776849756755,EX 40%,Lender seen in this state
Arkansas,AR,Comenity / Bread,0,No,0.3321630698120875,0.5046573864370657,0.1631795437508467,Experian,0.5046573864370657,EX 50%,Estimated from other states
Arkansas,AR,Discover,0,No,0.1883392106896987,0.6545831854430216,0.1570776038672797,Experian,0.6545831854430216,EX 65%,Estimated from other states
Arkansas,AR,Elan,0,No,0.1791821417019173,0.244331529558825,0.5764863287392575,TransUnion,0.5764863287392575,TU 58%,Estimated from other states
Arkansas,AR,Navy Federal,0,No,0.1397370424539125,0.2083265960366929,0.6519363615093946,TransUnion,0.6519363615093946,TU 65%,Estimated from other states
Arkansas,AR,Synchrony,0,No,0.1095388319009067,0.2904645328981259,0.5999966352009672,TransUnion,0.5999966352009672,TU 60%,Estimated from other states
Arkansas,AR,U.S. Bank,0,No,0.2301954885121171,0.2564760670874653,0.5133284444004175,TransUnion,0.5133284444004175,TU 51%,Estimated from other states
Arkansas,AR,Wells Fargo,0,No,0.1661018398928527,0.4854857897193216,0.3484123703878257,Experian,0.4854857897193216,EX 49%,Estimated from other states
California,CA,American Express,45,No,0.0227101202211829,0.9365363271190345,0.0407535526597826,Experian,0.9365363271190345,EX 94%,Lender seen in this state
California,CA,Apple Card,1,No,0.1061838400761094,0.2170485043313328,0.6767676555925577,TransUnion,0.6767676555925577,TU 68%,Lender seen in this state
California,CA,Bank of America,31,No,0.1063010582107467,0.6180816195299926,0.2756173222592607,Experian,0.6180816195299926,EX 62%,Lender seen in this state
California,CA,Barclays,2,No,0.0752618488308363,0.2845068726709267,0.640231278498237,TransUnion,0.640231278498237,TU 64%,Lender seen in this state
California,CA,Capital One,6,No,0.2759464446703648,0.4910898166683726,0.2329637386612625,Experian,0.4910898166683726,EX 49%,Lender seen in this state
California,CA,Chase,8,No,0.2853330212631775,0.4762533233328755,0.2384136554039467,Experian,0.4762533233328755,EX 48%,Lender seen in this state
California,CA,Citi,73,No,0.3148303617300406,0.5971512069891322,0.0880184312808272,Experian,0.5971512069891322,EX 60%,Lender seen in this state
California,CA,Comenity / Bread,0,No,0.2767455557991334,0.6074463812781078,0.1158080629227588,Experian,0.6074463812781078,EX 61%,Estimated from other states
California,CA,Discover,2,No,0.1901440842023311,0.7041825516353523,0.1056733641623167,Experian,0.7041825516353523,EX 70%,Lender seen in this state
California,CA,Elan,4,No,0.1390271062508022,0.3090196048852021,0.5519532888639956,TransUnion,0.5519532888639956,TU 55%,Lender seen in this state
California,CA,Navy Federal,4,No,0.1642588710970327,0.3186868380720786,0.5170542908308886,TransUnion,0.5170542908308886,TU 52%,Lender seen in this state
California,CA,Synchrony,2,No,0.0947755380284296,0.3255990981322726,0.5796253638392977,TransUnion,0.5796253638392977,TU 58%,Lender seen in this state
California,CA,U.S. Bank,18,No,0.1454850065392541,0.3291975747939965,0.5253174186667493,TransUnion,0.5253174186667493,TU 53%,Lender seen in this state
California,CA,Wells Fargo,14,No,0.1153246612394009,0.6567474218631826,0.2279279168974164,Experian,0.6567474218631826,EX 66%,Lender seen in this state
Colorado,CO,American Express,16,No,0.026645236004387,0.942336035074515,0.0310187289210979,Experian,0.942336035074515,EX 94%,Lender seen in this state
Colorado,CO,Apple Card,0,No,0.1598795893586061,0.2242445777902131,0.6158758328511807,TransUnion,0.6158758328511807,TU 62%,Estimated from other states
Colorado,CO,Bank of America,5,No,0.0907151362435885,0.3884192522617086,0.5208656114947029,TransUnion,0.5208656114947029,TU 52%,Lender seen in this state
Colorado,CO,Barclays,0,No,0.1200737935698736,0.3382415630260415,0.5416846434040848,TransUnion,0.5416846434040848,TU 54%,Estimated from other states
Colorado,CO,Capital One,0,No,0.3308641325696617,0.4722475071412123,0.1968883602891259,Experian,0.4722475071412123,EX 47%,Estimated from other states
Colorado,CO,Chase,2,No,0.2573257123352462,0.490697604714558,0.2519766829501958,Experian,0.490697604714558,EX 49%,Lender seen in this state
Colorado,CO,Citi,3,No,0.3606222806302412,0.5611563629132145,0.0782213564565443,Experian,0.5611563629132145,EX 56%,Lender seen in this state
Colorado,CO,Comenity / Bread,0,No,0.3618968949238526,0.5373696596287257,0.1007334454474217,Experian,0.5373696596287257,EX 54%,Estimated from other states
Colorado,CO,Discover,0,No,0.2053671597142226,0.6975865404668764,0.0970462998189009,Experian,0.6975865404668764,EX 70%,Estimated from other states
Colorado,CO,Elan,1,No,0.2251813651263681,0.3843554534043749,0.390463181469257,TransUnion,0.390463181469257,TU 39%,Lender seen in this state
Colorado,CO,Navy Federal,0,No,0.1960596863973206,0.2856698921599311,0.5182704214427482,TransUnion,0.5182704214427482,TU 52%,Estimated from other states
Colorado,CO,Synchrony,1,No,0.2008674638184407,0.3794558919488955,0.4196766442326636,TransUnion,0.4196766442326636,TU 42%,Lender seen in this state
Colorado,CO,U.S. Bank,5,No,0.2027383082370869,0.5621500856176564,0.2351116061452566,Experian,0.5621500856176564,EX 56%,Lender seen in this state
Colorado,CO,Wells Fargo,2,No,0.3224611719546072,0.4577167017338605,0.2198221263115322,Experian,0.4577167017338605,EX 46%,Lender seen in this state
Connecticut,CT,American Express,5,Yes,0.0468647097462382,0.8626472196777109,0.090488070576051,Experian,0.8626472196777109,EX 86%,Lender seen in this state
Connecticut,CT,Apple Card,0,Yes,0.143848435480137,0.1383249335905615,0.7178266309293014,TransUnion,0.7178266309293014,TU 72%,Estimated from other states
Connecticut,CT,Bank of America,1,Yes,0.1094972631031485,0.4463766723945983,0.4441260645022531,Experian,0.4463766723945983,EX 45%,Lender seen in this state
Connecticut,CT,Barclays,0,Yes,0.1139560694976964,0.2200810265926706,0.6659629039096329,TransUnion,0.6659629039096329,TU 67%,Estimated from other states
Connecticut,CT,Capital One,0,Yes,0.3637112511813021,0.3559124016913824,0.2803763471273154,Equifax,0.3637112511813021,EQ 36%,Estimated from other states
Connecticut,CT,Chase,2,Yes,0.2657344358058681,0.47953320440936,0.2547323597847717,Experian,0.47953320440936,EX 48%,Lender seen in this state
Connecticut,CT,Citi,10,Yes,0.541752657906969,0.3415908106540438,0.1166565314389872,Equifax,0.541752657906969,EQ 54%,Lender seen in this state
Connecticut,CT,Comenity / Bread,0,Yes,0.4204158256338619,0.4279901184858685,0.1515940558802695,Experian,0.4279901184858685,EX 43%,Estimated from other states
Connecticut,CT,Discover,0,Yes,0.2537450730746847,0.590923301072942,0.1553316258523732,Experian,0.590923301072942,EX 59%,Estimated from other states
Connecticut,CT,Elan,1,Yes,0.2103293598790821,0.1931037777037576,0.5965668624171603,TransUnion,0.5965668624171603,TU 60%,Lender seen in this state
Connecticut,CT,Navy Federal,0,Yes,0.184388529334594,0.1841944196632979,0.6314170510021082,TransUnion,0.6314170510021082,TU 63%,Estimated from other states
Connecticut,CT,Synchrony,0,Yes,0.1471197302644117,0.2613998432395586,0.5914804264960297,TransUnion,0.5914804264960297,TU 59%,Estimated from other states
Connecticut,CT,U.S. Bank,0,Yes,0.2955677140638323,0.2206563489741455,0.4837759369620221,TransUnion,0.4837759369620221,TU 48%,Estimated from other states
Connecticut,CT,Wells Fargo,1,Yes,0.2035123024036461,0.4921105625506595,0.3043771350456943,Experian,0.4921105625506595,EX 49%,Lender seen in this state
Delaware,DE,American Express,7,Yes,0.0331923737408347,0.8891571669246587,0.0776504593345065,Experian,0.8891571669246587,EX 89%,Lender seen in this state
Delaware,DE,Apple Card,1,Yes,0.1081608707343421,0.1452654234387688,0.746573705826889,TransUnion,0.746573705826889,TU 75%,Lender seen in this state
Delaware,DE,Bank of America,2,Yes,0.0821643944369714,0.5363488180384591,0.3814867875245694,Experian,0.5363488180384591,EX 54%,Lender seen in this state
Delaware,DE,Barclays,0,Yes,0.0910686129284307,0.2483524472679322,0.660578939803637,TransUnion,0.660578939803637,TU 66%,Estimated from other states
Delaware,DE,Capital One,5,Yes,0.2599392557611195,0.4966733601237176,0.2433873841151627,Experian,0.4966733601237176,EX 50%,Lender seen in this state
Delaware,DE,Chase,1,Yes,0.2402341353217291,0.4793937126865654,0.2803721519917054,Experian,0.4793937126865654,EX 48%,Lender seen in this state
Delaware,DE,Citi,9,Yes,0.5218301763918067,0.3837030587806025,0.0944667648275907,Equifax,0.5218301763918067,EQ 52%,Lender seen in this state
Delaware,DE,Comenity / Bread,0,Yes,0.3466132648430471,0.4982581895586332,0.1551285455983194,Experian,0.4982581895586332,EX 50%,Estimated from other states
Delaware,DE,Discover,2,Yes,0.1607840865633777,0.7156550900218726,0.1235608234147497,Experian,0.7156550900218726,EX 72%,Lender seen in this state
Delaware,DE,Elan,0,Yes,0.191525118186957,0.2471010025393597,0.5613738792736831,TransUnion,0.5613738792736831,TU 56%,Estimated from other states
Delaware,DE,Navy Federal,1,Yes,0.1374054723343241,0.1907877352001444,0.6718067924655314,TransUnion,0.6718067924655314,TU 67%,Lender seen in this state
Delaware,DE,Synchrony,2,Yes,0.1546854308771982,0.2811406726111288,0.5641738965116728,TransUnion,0.5641738965116728,TU 56%,Lender seen in this state
Delaware,DE,U.S. Bank,1,Yes,0.2222181505027453,0.2320422326856745,0.5457396168115802,TransUnion,0.5457396168115802,TU 55%,Lender seen in this state
Delaware,DE,Wells Fargo,0,Yes,0.1761676757713925,0.4871831756009279,0.3366491486276796,Experian,0.4871831756009279,EX 49%,Estimated from other states
District of Columbia,DC,American Express,4,No,0.0534032820100347,0.8967220491280689,0.0498746688618963,Experian,0.8967220491280689,EX 90%,Lender seen in this state
District of Columbia,DC,Apple Card,0,No,0.1576666598876574,0.2023500037686475,0.639983336343695,TransUnion,0.639983336343695,TU 64%,Estimated from other states
District of Columbia,DC,Bank of America,1,No,0.0958171770366075,0.6559321376378163,0.2482506853255763,Experian,0.6559321376378163,EX 66%,Lender seen in this state
District of Columbia,DC,Barclays,0,No,0.1200302487260942,0.3093882882904973,0.5705814629834083,TransUnion,0.5705814629834083,TU 57%,Estimated from other states
District of Columbia,DC,Capital One,0,No,0.340938627460047,0.4452773615296021,0.2137840110103508,Experian,0.4452773615296021,EX 45%,Estimated from other states
District of Columbia,DC,Chase,3,No,0.319635165068047,0.4253824245394915,0.2549824103924615,Experian,0.4253824245394915,EX 43%,Lender seen in this state
District of Columbia,DC,Citi,3,No,0.2815125773292621,0.637605119035533,0.0808823036352047,Experian,0.637605119035533,EX 64%,Lender seen in this state
District of Columbia,DC,Comenity / Bread,0,No,0.3770737709074854,0.5123291095190496,0.1105971195734649,Experian,0.5123291095190496,EX 51%,Estimated from other states
District of Columbia,DC,Discover,0,No,0.2171040498364861,0.6747912517167157,0.1081046984467981,Experian,0.6747912517167157,EX 67%,Estimated from other states
District of Columbia,DC,Elan,0,No,0.2415276626665167,0.2945296956678437,0.4639426416656395,TransUnion,0.4639426416656395,TU 46%,Estimated from other states
District of Columbia,DC,Navy Federal,0,No,0.1953618751403237,0.2604656189670983,0.544172505892578,TransUnion,0.544172505892578,TU 54%,Estimated from other states
District of Columbia,DC,Synchrony,0,No,0.1505647997584983,0.357047400566199,0.4923877996753025,TransUnion,0.4923877996753025,TU 49%,Estimated from other states
District of Columbia,DC,U.S. Bank,0,No,0.3005020375005408,0.2994159130872377,0.4000820494122216,TransUnion,0.4000820494122216,TU 40%,Estimated from other states
District of Columbia,DC,Wells Fargo,0,No,0.2054998759000178,0.5371444130662723,0.2573557110337099,Experian,0.5371444130662723,EX 54%,Estimated from other states
Florida,FL,American Express,303,Yes,0.0615906648331011,0.8811407960410317,0.0572685391258671,Experian,0.8811407960410317,EX 88%,Lender seen in this state
Florida,FL,Apple Card,2,Yes,0.1562497032812199,0.125585656275228,0.7181646404435521,TransUnion,0.7181646404435521,TU 72%,Lender seen in this state
Florida,FL,Bank of America,94,Yes,0.1397965386441234,0.6045086556618535,0.255694805694023,Experian,0.6045086556618535,EX 60%,Lender seen in this state
Florida,FL,Barclays,2,Yes,0.125900737228987,0.1938280899958424,0.6802711727751705,TransUnion,0.6802711727751705,TU 68%,Lender seen in this state
Florida,FL,Capital One,4,Yes,0.4439922476193829,0.3335788556645209,0.2224288967160962,Equifax,0.4439922476193829,EQ 44%,Lender seen in this state
Florida,FL,Chase,189,Yes,0.369333094593273,0.4250992934117898,0.2055676119949371,Experian,0.4250992934117898,EX 43%,Lender seen in this state
Florida,FL,Citi,142,Yes,0.4823049704311916,0.4358895955203582,0.0818054340484501,Equifax,0.4823049704311916,EQ 48%,Lender seen in this state
Florida,FL,Comenity / Bread,1,Yes,0.4184118285560861,0.461365172002192,0.1202229994417219,Experian,0.461365172002192,EX 46%,Lender seen in this state
Florida,FL,Discover,5,Yes,0.3131252877656461,0.5822335270966464,0.1046411851377073,Experian,0.5822335270966464,EX 58%,Lender seen in this state
Florida,FL,Elan,2,Yes,0.3211544215544987,0.193856463352514,0.4849891150929872,TransUnion,0.4849891150929872,TU 48%,Lender seen in this state
Florida,FL,Navy Federal,3,Yes,0.2608409931523794,0.2205240295122206,0.5186349773354,TransUnion,0.5186349773354,TU 52%,Lender seen in this state
Florida,FL,Synchrony,5,Yes,0.1476397284528391,0.3312491353570108,0.52111113619015,TransUnion,0.52111113619015,TU 52%,Lender seen in this state
Florida,FL,U.S. Bank,19,Yes,0.4991876124302408,0.1459918445100027,0.3548205430597563,Equifax,0.4991876124302408,EQ 50%,Lender seen in this state
Florida,FL,Wells Fargo,40,Yes,0.4180898094024349,0.4106686235335422,0.1712415670640229,Equifax,0.4180898094024349,EQ 42%,Lender seen in this state
Georgia,GA,American Express,24,Yes,0.0619975144068139,0.7880803753696314,0.1499221102235547,Experian,0.7880803753696314,EX 79%,Lender seen in this state
Georgia,GA,Apple Card,3,Yes,0.2174922300695942,0.1152476633614201,0.6672601065689856,TransUnion,0.6672601065689856,TU 67%,Lender seen in this state
Georgia,GA,Bank of America,9,Yes,0.107905344751414,0.4992737845914407,0.3928208706571451,Experian,0.4992737845914407,EX 50%,Lender seen in this state
Georgia,GA,Barclays,3,Yes,0.1349107446641132,0.22322944952732,0.6418598058085668,TransUnion,0.6418598058085668,TU 64%,Lender seen in this state
Georgia,GA,Capital One,1,Yes,0.5044427223004636,0.2659462553578752,0.2296110223416611,Equifax,0.5044427223004636,EQ 50%,Lender seen in this state
Georgia,GA,Chase,8,Yes,0.3938216974789748,0.3464592784284759,0.2597190240925492,Equifax,0.3938216974789748,EQ 39%,Lender seen in this state
Georgia,GA,Citi,13,Yes,0.396658748205549,0.5016378657292476,0.1017033860652034,Experian,0.5016378657292476,EX 50%,Lender seen in this state
Georgia,GA,Comenity / Bread,3,Yes,0.5430887747889787,0.3417872194239978,0.1151240057870233,Equifax,0.5430887747889787,EQ 54%,Lender seen in this state
Georgia,GA,Discover,3,Yes,0.4113090979830989,0.4584609685935979,0.1302299334233031,Experian,0.4584609685935979,EX 46%,Lender seen in this state
Georgia,GA,Elan,2,Yes,0.3271261366507369,0.1650059315803261,0.507867931768937,TransUnion,0.507867931768937,TU 51%,Lender seen in this state
Georgia,GA,Navy Federal,1,Yes,0.2144313107168477,0.1474371130355282,0.6381315762476238,TransUnion,0.6381315762476238,TU 64%,Lender seen in this state
Georgia,GA,Synchrony,2,Yes,0.1645421137585997,0.1963048593072652,0.639153026934135,TransUnion,0.639153026934135,TU 64%,Lender seen in this state
Georgia,GA,U.S. Bank,10,Yes,0.3957263824795459,0.1907900930877435,0.4134835244327105,TransUnion,0.4134835244327105,TU 41%,Lender seen in this state
Georgia,GA,Wells Fargo,12,Yes,0.1499734140731551,0.2493125547148806,0.6007140312119642,TransUnion,0.6007140312119642,TU 60%,Lender seen in this state
Hawaii,HI,American Express,1,Yes,0.0659346305672908,0.872938278280499,0.0611270911522101,Experian,0.872938278280499,EX 87%,Lender seen in this state
Hawaii,HI,Apple Card,1,Yes,0.1986599719996907,0.1255702588346777,0.6757697691656315,TransUnion,0.6757697691656315,TU 68%,Lender seen in this state
Hawaii,HI,Bank of America,2,Yes,0.2130416708088481,0.4043224301310198,0.382635899060132,Experian,0.4043224301310198,EX 40%,Lender seen in this state
Hawaii,HI,Barclays,0,Yes,0.1735399557426061,0.2148012567184999,0.6116587875388939,TransUnion,0.6116587875388939,TU 61%,Estimated from other states
Hawaii,HI,Capital One,3,Yes,0.4389774335253796,0.3297993520979442,0.2312232143766761,Equifax,0.4389774335253796,EQ 44%,Lender seen in this state
Hawaii,HI,Chase,1,Yes,0.3843123915008725,0.3875836167386716,0.2281039917604559,Experian,0.3875836167386716,EX 39%,Lender seen in this state
Hawaii,HI,Citi,3,Yes,0.6726119112190257,0.2449684917032684,0.0824195970777058,Equifax,0.6726119112190257,EQ 67%,Lender seen in this state
Hawaii,HI,Comenity / Bread,0,Yes,0.5347822572318148,0.3489183982259836,0.1162993445422015,Equifax,0.5347822572318148,EQ 53%,Estimated from other states
Hawaii,HI,Discover,0,Yes,0.3494381105291525,0.5215500111717946,0.1290118782990528,Experian,0.5215500111717946,EX 52%,Estimated from other states
Hawaii,HI,Elan,0,Yes,0.3322468396195601,0.1945571700250373,0.4731959903554025,TransUnion,0.4731959903554025,TU 47%,Estimated from other states
Hawaii,HI,Navy Federal,0,Yes,0.2698683035246488,0.1727772832988668,0.5573544131764844,TransUnion,0.5573544131764844,TU 56%,Estimated from other states
Hawaii,HI,Synchrony,2,Yes,0.2609831926230638,0.2318817452237617,0.5071350621531744,TransUnion,0.5071350621531744,TU 51%,Lender seen in this state
Hawaii,HI,U.S. Bank,0,Yes,0.4055775819545297,0.1940553277167075,0.4003670903287626,Equifax,0.4055775819545297,EQ 41%,Estimated from other states
Hawaii,HI,Wells Fargo,0,Yes,0.3140977095008881,0.394247039023771,0.2916552514753409,Experian,0.394247039023771,EX 39%,Estimated from other states
Idaho,ID,American Express,3,No,0.0260732624402771,0.9127501393084744,0.0611765982512485,Experian,0.9127501393084744,EX 91%,Lender seen in this state
Idaho,ID,Apple Card,0,No,0.0959874808793122,0.1534924385027664,0.7505200806179213,TransUnion,0.7505200806179213,TU 75%,Estimated from other states
Idaho,ID,Bank of America,3,No,0.062416735864315,0.6672224395388989,0.2703608245967861,Experian,0.6672224395388989,EX 67%,Lender seen in this state
Idaho,ID,Barclays,0,No,0.0748029827688152,0.2402376779679771,0.6849593392632076,TransUnion,0.6849593392632076,TU 68%,Estimated from other states
Idaho,ID,Capital One,0,No,0.2607461252103825,0.4243080903921226,0.3149457843974949,Experian,0.4243080903921226,EX 42%,Estimated from other states
Idaho,ID,Chase,1,No,0.2080852780027993,0.487107879825773,0.3048068421714276,Experian,0.487107879825773,EX 49%,Lender seen in this state
Idaho,ID,Citi,1,No,0.2862894821521102,0.5732111281377804,0.1404993897101093,Experian,0.5732111281377804,EX 57%,Lender seen in this state
Idaho,ID,Comenity / Bread,0,No,0.3069475035395609,0.5196319616092918,0.1734205348511474,Experian,0.5196319616092918,EX 52%,Estimated from other states
Idaho,ID,Discover,2,No,0.1616304751624371,0.6345599135323139,0.2038096113052488,Experian,0.6345599135323139,EX 63%,Lender seen in this state
Idaho,ID,Elan,0,No,0.1607840745505031,0.2442948335592829,0.5949210918902138,TransUnion,0.5949210918902138,TU 59%,Estimated from other states
Idaho,ID,Navy Federal,0,No,0.1245832806102927,0.2069566544119895,0.6684600649777177,TransUnion,0.6684600649777177,TU 67%,Estimated from other states
Idaho,ID,Synchrony,1,No,0.0909126214606444,0.2557233019353923,0.6533640766039633,TransUnion,0.6533640766039633,TU 65%,Lender seen in this state
Idaho,ID,U.S. Bank,0,No,0.2080699398058755,0.2583127487097099,0.5336173114844146,TransUnion,0.5336173114844146,TU 53%,Estimated from other states
Idaho,ID,Wells Fargo,0,No,0.1499444691050176,0.488336281616191,0.3617192492787914,Experian,0.488336281616191,EX 49%,Estimated from other states
Illinois,IL,American Express,19,Yes,0.0288280736339961,0.9239698424593584,0.0472020839066452,Experian,0.9239698424593584,EX 92%,Lender seen in this state
Illinois,IL,Apple Card,1,Yes,0.1175779708733947,0.1394218781785075,0.7430001509480978,TransUnion,0.7430001509480978,TU 74%,Lender seen in this state
Illinois,IL,Bank of America,17,Yes,0.0825250429096587,0.622689573794247,0.2947853832960941,Experian,0.622689573794247,EX 62%,Lender seen in this state
Illinois,IL,Barclays,0,Yes,0.0998212252697762,0.2393463367843249,0.6608324379458989,TransUnion,0.6608324379458989,TU 66%,Estimated from other states
Illinois,IL,Capital One,3,Yes,0.3268641356363141,0.3791061187237696,0.2940297456399161,Experian,0.3791061187237696,EX 38%,Lender seen in this state
Illinois,IL,Chase,2,Yes,0.2468813874737131,0.4172406449298632,0.3358779675964237,Experian,0.4172406449298632,EX 42%,Lender seen in this state
Illinois,IL,Citi,26,Yes,0.4785294418635212,0.4249104353965743,0.0965601227399044,Equifax,0.4785294418635212,EQ 48%,Lender seen in this state
Illinois,IL,Comenity / Bread,1,Yes,0.3296530720603978,0.5280333971128126,0.1423135308267896,Experian,0.5280333971128126,EX 53%,Lender seen in this state
Illinois,IL,Discover,1,Yes,0.1965033923211519,0.6648988706149115,0.1385977370639365,Experian,0.6648988706149115,EX 66%,Lender seen in this state
Illinois,IL,Elan,1,Yes,0.1882538139363866,0.2119910621497035,0.5997551239139098,TransUnion,0.5997551239139098,TU 60%,Lender seen in this state
Illinois,IL,Navy Federal,1,Yes,0.1490998875590752,0.1830152606846055,0.6678848517563194,TransUnion,0.6678848517563194,TU 67%,Lender seen in this state
Illinois,IL,Synchrony,2,Yes,0.1198609870643851,0.3166367140590412,0.5635022988765735,TransUnion,0.5635022988765735,TU 56%,Lender seen in this state
Illinois,IL,U.S. Bank,12,Yes,0.2076185484365712,0.1354727025401447,0.656908749023284,TransUnion,0.656908749023284,TU 66%,Lender seen in this state
Illinois,IL,Wells Fargo,3,Yes,0.2192009770384248,0.4381789561097354,0.3426200668518397,Experian,0.4381789561097354,EX 44%,Lender seen in this state
Indiana,IN,American Express,3,Yes,0.0237204400015728,0.9209086125518544,0.0553709474465727,Experian,0.9209086125518544,EX 92%,Lender seen in this state
Indiana,IN,Apple Card,0,Yes,0.0947506269904561,0.1692848136064878,0.7359645594030559,TransUnion,0.7359645594030559,TU 74%,Estimated from other states
Indiana,IN,Bank of America,0,Yes,0.0684251955165723,0.5747214378780655,0.3568533666053621,Experian,0.5747214378780655,EX 57%,Estimated from other states
Indiana,IN,Barclays,0,Yes,0.0730740609853214,0.262209827426499,0.6647161115881794,TransUnion,0.6647161115881794,TU 66%,Estimated from other states
Indiana,IN,Capital One,3,Yes,0.2642086116262994,0.4504671286039143,0.2853242597697863,Experian,0.4504671286039143,EX 45%,Lender seen in this state
Indiana,IN,Chase,5,Yes,0.2157475064625656,0.3771372858505827,0.4071152076868515,TransUnion,0.4071152076868515,TU 41%,Lender seen in this state
Indiana,IN,Citi,5,Yes,0.2103861353265364,0.6460521557209196,0.1435617089525439,Experian,0.6460521557209196,EX 65%,Lender seen in this state
Indiana,IN,Comenity / Bread,1,Yes,0.3572465134212542,0.4844515386395255,0.1583019479392202,Experian,0.4844515386395255,EX 48%,Lender seen in this state
Indiana,IN,Discover,2,Yes,0.1986601128806583,0.655948121606199,0.1453917655131426,Experian,0.655948121606199,EX 66%,Lender seen in this state
Indiana,IN,Elan,1,Yes,0.1439727390670189,0.237727697983159,0.618299562949822,TransUnion,0.618299562949822,TU 62%,Lender seen in this state
Indiana,IN,Navy Federal,2,Yes,0.1065493849432279,0.1911195723179652,0.7023310427388069,TransUnion,0.7023310427388069,TU 70%,Lender seen in this state
Indiana,IN,Synchrony,1,Yes,0.088658771173606,0.277020588314738,0.6343206405116559,TransUnion,0.6343206405116559,TU 63%,Lender seen in this state
Indiana,IN,U.S. Bank,3,Yes,0.1581743079329878,0.207697652215235,0.634128039851777,TransUnion,0.634128039851777,TU 63%,Lender seen in this state
Indiana,IN,Wells Fargo,0,Yes,0.1421424101103902,0.5172205021393703,0.3406370877502395,Experian,0.5172205021393703,EX 52%,Estimated from other states
Iowa,IA,American Express,0,Yes,0.0405638467680858,0.9167904120366264,0.0426457411952877,Experian,0.9167904120366264,EX 92%,Estimated from other states
Iowa,IA,Apple Card,0,Yes,0.1807613956104795,0.2058519996015061,0.6133866047880143,TransUnion,0.6133866047880143,TU 61%,Estimated from other states
Iowa,IA,Bank of America,0,Yes,0.1158467013010094,0.6202096498458293,0.2639436488531612,Experian,0.6202096498458293,EX 62%,Estimated from other states
Iowa,IA,Barclays,0,Yes,0.1377189675226095,0.3149872512700767,0.5472937812073138,TransUnion,0.5472937812073138,TU 55%,Estimated from other states
Iowa,IA,Capital One,0,Yes,0.3727049538250637,0.431922300070691,0.1953727461042453,Experian,0.431922300070691,EX 43%,Estimated from other states
Iowa,IA,Chase,3,Yes,0.3436158684984173,0.4182792993207262,0.2381048321808564,Experian,0.4182792993207262,EX 42%,Lender seen in this state
Iowa,IA,Citi,2,Yes,0.3321409344651748,0.5897626137030783,0.0780964518317471,Experian,0.5897626137030783,EX 59%,Lender seen in this state
Iowa,IA,Comenity / Bread,0,Yes,0.4080277761567561,0.491924543561316,0.100047680281928,Experian,0.491924543561316,EX 49%,Estimated from other states
Iowa,IA,Discover,0,Yes,0.2395652099052102,0.6607106736461669,0.099724116448623,Experian,0.6607106736461669,EX 66%,Estimated from other states
Iowa,IA,Elan,0,Yes,0.2711589655333032,0.2934081906565534,0.4354328438101433,TransUnion,0.4354328438101433,TU 44%,Estimated from other states
Iowa,IA,Navy Federal,0,Yes,0.2216488177547301,0.2622177364582028,0.5161334457870671,TransUnion,0.5161334457870671,TU 52%,Estimated from other states
Iowa,IA,Synchrony,0,Yes,0.1712882095040768,0.360425864778793,0.46828592571713,TransUnion,0.46828592571713,TU 47%,Estimated from other states
Iowa,IA,U.S. Bank,2,Yes,0.4562629285337785,0.2458275099761118,0.2979095614901097,Equifax,0.4562629285337785,EQ 46%,Lender seen in this state
Iowa,IA,Wells Fargo,1,Yes,0.207938288316864,0.5767387801037465,0.2153229315793894,Experian,0.5767387801037465,EX 58%,Lender seen in this state
Kansas,KS,American Express,1,Yes,0.0465650775325869,0.8422737133990476,0.1111612090683653,Experian,0.8422737133990476,EX 84%,Lender seen in this state
Kansas,KS,Apple Card,0,Yes,0.1027938441392799,0.0883604368108475,0.8088457190498725,TransUnion,0.8088457190498725,TU 81%,Estimated from other states
Kansas,KS,Bank of America,0,Yes,0.0968591102616871,0.3914142790708598,0.5117266106674531,TransUnion,0.5117266106674531,TU 51%,Estimated from other states
Kansas,KS,Barclays,0,Yes,0.0837420909683872,0.1445720574027782,0.7716858516288345,TransUnion,0.7716858516288345,TU 77%,Estimated from other states
Kansas,KS,Capital One,1,Yes,0.3859509935934297,0.2609735919316546,0.3530754144749156,Equifax,0.3859509935934297,EQ 39%,Lender seen in this state
Kansas,KS,Chase,1,Yes,0.3484082293615191,0.2677687409215171,0.3838230297169638,TransUnion,0.3838230297169638,TU 38%,Lender seen in this state
Kansas,KS,Citi,0,Yes,0.4241850903525626,0.3738420021144426,0.201972907532995,Equifax,0.4241850903525626,EQ 42%,Estimated from other states
Kansas,KS,Comenity / Bread,0,Yes,0.4034547629868837,0.3671512002429456,0.2293940367701707,Equifax,0.4034547629868837,EQ 40%,Estimated from other states
Kansas,KS,Discover,0,Yes,0.2470956162117238,0.5143917048425914,0.2385126789456846,Experian,0.5143917048425914,EX 51%,Estimated from other states
Kansas,KS,Elan,0,Yes,0.180492817296617,0.1474176660578353,0.6720895166455476,TransUnion,0.6720895166455476,TU 67%,Estimated from other states
Kansas,KS,Navy Federal,0,Yes,0.1371246624978889,0.1224485252717896,0.7404268122303214,TransUnion,0.7404268122303214,TU 74%,Estimated from other states
Kansas,KS,Synchrony,1,Yes,0.1037495264526347,0.1619802587879021,0.7342702147594631,TransUnion,0.7342702147594631,TU 73%,Lender seen in this state
Kansas,KS,U.S. Bank,0,Yes,0.2353908589293577,0.1570885199528336,0.6075206211178086,TransUnion,0.6075206211178086,TU 61%,Estimated from other states
Kansas,KS,Wells Fargo,0,Yes,0.1931111904800114,0.3380759968903121,0.4688128126296764,TransUnion,0.4688128126296764,TU 47%,Estimated from other states
Kentucky,KY,American Express,7,Yes,0.0374464870573657,0.8612573345184241,0.1012961784242101,Experian,0.8612573345184241,EX 86%,Lender seen in this state
Kentucky,KY,Apple Card,1,Yes,0.0974188515441373,0.1060348943901752,0.7965462540656874,TransUnion,0.7965462540656874,TU 80%,Lender seen in this state
Kentucky,KY,Bank of America,5,Yes,0.0771843703017965,0.5070734382755203,0.4157421914226832,Experian,0.5070734382755203,EX 51%,Lender seen in this state
Kentucky,KY,Barclays,0,Yes,0.0837738573011247,0.1837664589209464,0.7324596837779288,TransUnion,0.7324596837779288,TU 73%,Estimated from other states
Kentucky,KY,Capital One,0,Yes,0.3062987537601744,0.3404428420725189,0.3532584041673066,TransUnion,0.3532584041673066,TU 35%,Estimated from other states
Kentucky,KY,Chase,3,Yes,0.2798197643092237,0.2664959259150862,0.4536843097756899,TransUnion,0.4536843097756899,TU 45%,Lender seen in this state
Kentucky,KY,Citi,8,Yes,0.4409230896231526,0.4401250250353999,0.1189518853414474,Equifax,0.4409230896231526,EQ 44%,Lender seen in this state
Kentucky,KY,Comenity / Bread,0,Yes,0.3709529816295241,0.428929725794619,0.2001172925758569,Experian,0.428929725794619,EX 43%,Estimated from other states
Kentucky,KY,Discover,3,Yes,0.1819432389473595,0.600197135410692,0.2178596256419483,Experian,0.600197135410692,EX 60%,Lender seen in this state
Kentucky,KY,Elan,1,Yes,0.1630805382929745,0.1688052243695614,0.6681142373374641,TransUnion,0.6681142373374641,TU 67%,Lender seen in this state
Kentucky,KY,Navy Federal,0,Yes,0.1377813497103988,0.156331176199025,0.7058874740905762,TransUnion,0.7058874740905762,TU 71%,Estimated from other states
Kentucky,KY,Synchrony,1,Yes,0.1025840734194064,0.2010026222566586,0.696413304323935,TransUnion,0.696413304323935,TU 70%,Lender seen in this state
Kentucky,KY,U.S. Bank,0,Yes,0.232734896387633,0.1973483656350665,0.5699167379773005,TransUnion,0.5699167379773005,TU 57%,Estimated from other states
Kentucky,KY,Wells Fargo,1,Yes,0.1691072105609964,0.4633058100703359,0.3675869793686677,Experian,0.4633058100703359,EX 46%,Lender seen in this state
Louisiana,LA,American Express,1,Yes,0.0572091917618544,0.8661658549448409,0.0766249532933048,Experian,0.8661658549448409,EX 87%,Lender seen in this state
Louisiana,LA,Apple Card,0,Yes,0.1644355443900222,0.1189295670380775,0.7166348885719004,TransUnion,0.7166348885719004,TU 72%,Estimated from other states
Louisiana,LA,Bank of America,4,Yes,0.1604035676641353,0.4005062514313245,0.4390901809045402,TransUnion,0.4390901809045402,TU 44%,Lender seen in this state
Louisiana,LA,Barclays,0,Yes,0.1323368829202054,0.1922316318123874,0.675431485267407,TransUnion,0.675431485267407,TU 68%,Estimated from other states
Louisiana,LA,Capital One,0,Yes,0.4150658165264648,0.3054936327117892,0.279440550761746,Equifax,0.4150658165264648,EQ 42%,Estimated from other states
Louisiana,LA,Chase,3,Yes,0.368537043522455,0.3190490052652725,0.3124139512122725,Equifax,0.368537043522455,EQ 37%,Lender seen in this state
Louisiana,LA,Citi,3,Yes,0.4853811326311146,0.3025656897029447,0.2120531776659407,Equifax,0.4853811326311146,EQ 49%,Lender seen in this state
Louisiana,LA,Comenity / Bread,0,Yes,0.4806296233354977,0.3680137377193893,0.1513566389451131,Equifax,0.4806296233354977,EQ 48%,Estimated from other states
Louisiana,LA,Discover,0,Yes,0.304301414774098,0.5330111304913628,0.1626874547345393,Experian,0.5330111304913628,EX 53%,Estimated from other states
Louisiana,LA,Elan,0,Yes,0.2666946946992876,0.1832767497495429,0.5500285555511694,TransUnion,0.5500285555511694,TU 55%,Estimated from other states
Louisiana,LA,Navy Federal,0,Yes,0.2108801342895867,0.1584444559260367,0.6306754097843765,TransUnion,0.6306754097843765,TU 63%,Estimated from other states
Louisiana,LA,Synchrony,0,Yes,0.1710102168621738,0.2285363412918275,0.6004534418459987,TransUnion,0.6004534418459987,TU 60%,Estimated from other states
Louisiana,LA,U.S. Bank,1,Yes,0.3996779866171879,0.1782141662727741,0.4221078471100378,TransUnion,0.4221078471100378,TU 42%,Lender seen in this state
Louisiana,LA,Wells Fargo,2,Yes,0.2218682197394428,0.4959337369827077,0.2821980432778493,Experian,0.4959337369827077,EX 50%,Lender seen in this state
Maine,ME,American Express,0,No,0.0416185662886732,0.8729322966484876,0.085449137062839,Experian,0.8729322966484876,EX 87%,Estimated from other states
Maine,ME,Apple Card,0,No,0.1151572194852598,0.1217035066377865,0.7631392738769537,TransUnion,0.7631392738769537,TU 76%,Estimated from other states
Maine,ME,Bank of America,0,No,0.0959885148832124,0.4769102284429399,0.4271012566738477,Experian,0.4769102284429399,EX 48%,Estimated from other states
Maine,ME,Barclays,0,No,0.0918826681751594,0.1950272665962607,0.7130900652285799,TransUnion,0.7130900652285799,TU 71%,Estimated from other states
Maine,ME,Capital One,0,No,0.3226633406436388,0.3470184815924243,0.3303181777639369,Experian,0.3470184815924243,EX 35%,Estimated from other states
Maine,ME,Chase,2,No,0.2445842511371884,0.3749137922235495,0.380501956639262,TransUnion,0.380501956639262,TU 38%,Lender seen in this state
Maine,ME,Citi,2,No,0.4397658442874934,0.3611894339312511,0.1990447217812555,Equifax,0.4397658442874934,EQ 44%,Lender seen in this state
Maine,ME,Comenity / Bread,0,No,0.3849558462437831,0.4307072675300616,0.1843368862261552,Experian,0.4307072675300616,EX 43%,Estimated from other states
Maine,ME,Discover,0,No,0.2287066138213011,0.5853677807728157,0.1859256054058832,Experian,0.5853677807728157,EX 59%,Estimated from other states
Maine,ME,Elan,0,No,0.1945443655151759,0.1953572077529667,0.6100984267318574,TransUnion,0.6100984267318574,TU 61%,Estimated from other states
Maine,ME,Navy Federal,0,No,0.1504783635991563,0.1652088172478563,0.6843128191529874,TransUnion,0.6843128191529874,TU 68%,Estimated from other states
Maine,ME,Synchrony,0,No,0.1206001332300803,0.235504269208996,0.6438955975609237,TransUnion,0.6438955975609237,TU 64%,Estimated from other states
Maine,ME,U.S. Bank,0,No,0.2503677604195928,0.2054255383310063,0.5442067012494008,TransUnion,0.5442067012494008,TU 54%,Estimated from other states
Maine,ME,Wells Fargo,0,No,0.1924181659890763,0.4141657123580804,0.3934161216528433,Experian,0.4141657123580804,EX 41%,Estimated from other states
Maryland,MD,American Express,8,Yes,0.0349305857817221,0.9222349100640512,0.0428345041542265,Experian,0.9222349100640512,EX 92%,Lender seen in this state
Maryland,MD,Apple Card,1,Yes,0.1521081192104422,0.1552218450110659,0.6926700357784918,TransUnion,0.6926700357784918,TU 69%,Lender seen in this state
Maryland,MD,Bank of America,5,Yes,0.1005160731580069,0.4942072310360672,0.4052766958059258,Experian,0.4942072310360672,EX 49%,Lender seen in this state
Maryland,MD,Barclays,1,Yes,0.1196816749107098,0.239685736123098,0.640632588966192,TransUnion,0.640632588966192,TU 64%,Lender seen in this state
Maryland,MD,Capital One,0,Yes,0.3755988597776731,0.3866441209559913,0.2377570192663355,Experian,0.3866441209559913,EX 39%,Estimated from other states
Maryland,MD,Chase,6,Yes,0.3989194780152623,0.3839344559018112,0.2171460660829264,Equifax,0.3989194780152623,EQ 40%,Lender seen in this state
Maryland,MD,Citi,11,Yes,0.3898442942457778,0.5351204776219057,0.0750352281323164,Experian,0.5351204776219057,EX 54%,Lender seen in this state
Maryland,MD,Comenity / Bread,2,Yes,0.4194363343711588,0.470257516652888,0.1103061489759531,Experian,0.470257516652888,EX 47%,Lender seen in this state
Maryland,MD,Discover,0,Yes,0.2530047605723415,0.6198162389402005,0.1271790004874578,Experian,0.6198162389402005,EX 62%,Estimated from other states
Maryland,MD,Elan,1,Yes,0.3198127005216201,0.2347991817014214,0.4453881177769584,TransUnion,0.4453881177769584,TU 45%,Lender seen in this state
Maryland,MD,Navy Federal,0,Yes,0.2056427772004583,0.2161010062671431,0.5782562165323986,TransUnion,0.5782562165323986,TU 58%,Estimated from other states
Maryland,MD,Synchrony,6,Yes,0.1654409615158368,0.2814097907323864,0.5531492477517768,TransUnion,0.5531492477517768,TU 55%,Lender seen in this state
Maryland,MD,U.S. Bank,1,Yes,0.3856710687456571,0.2334020529277213,0.3809268783266217,Equifax,0.3856710687456571,EQ 39%,Lender seen in this state
Maryland,MD,Wells Fargo,0,Yes,0.2312426559500242,0.4764092513907091,0.2923480926592666,Experian,0.4764092513907091,EX 48%,Estimated from other states
Massachusetts,MA,American Express,12,No,0.0222231692500517,0.9512006017157532,0.026576229034195,Experian,0.9512006017157532,EX 95%,Lender seen in this state
Massachusetts,MA,Apple Card,1,No,0.1370729572520456,0.2345986840947702,0.6283283586531841,TransUnion,0.6283283586531841,TU 63%,Lender seen in this state
Massachusetts,MA,Bank of America,12,No,0.0625318403127775,0.7156883467114713,0.2217798129757511,Experian,0.7156883467114713,EX 72%,Lender seen in this state
Massachusetts,MA,Barclays,0,No,0.1092063100153841,0.3863769841486504,0.5044167058359654,TransUnion,0.5044167058359654,TU 50%,Estimated from other states
Massachusetts,MA,Capital One,3,No,0.3117731840414625,0.4800772537503152,0.2081495622082223,Experian,0.4800772537503152,EX 48%,Lender seen in this state
Massachusetts,MA,Chase,4,No,0.2644705905080252,0.5268699127254799,0.2086594967664947,Experian,0.5268699127254799,EX 53%,Lender seen in this state
Massachusetts,MA,Citi,10,No,0.3817111562221747,0.5337070180803913,0.0845818256974338,Experian,0.5337070180803913,EX 53%,Lender seen in this state
Massachusetts,MA,Comenity / Bread,3,No,0.4060045466902133,0.5092832077960467,0.08471224551374,Experian,0.5092832077960467,EX 51%,Lender seen in this state
Massachusetts,MA,Discover,1,No,0.158899340978457,0.7624151572042345,0.0786855018173085,Experian,0.7624151572042345,EX 76%,Lender seen in this state
Massachusetts,MA,Elan,1,No,0.2047454073467775,0.4306657778188182,0.3645888148344042,Experian,0.4306657778188182,EX 43%,Lender seen in this state
Massachusetts,MA,Navy Federal,1,No,0.1660660106779105,0.2926400276511557,0.5412939616709336,TransUnion,0.5412939616709336,TU 54%,Lender seen in this state
Massachusetts,MA,Synchrony,1,No,0.1270245801431422,0.498108940198872,0.3748664796579856,Experian,0.498108940198872,EX 50%,Lender seen in this state
Massachusetts,MA,U.S. Bank,3,No,0.2827916836885439,0.4462732196884035,0.2709350966230525,Experian,0.4462732196884035,EX 45%,Lender seen in this state
Massachusetts,MA,Wells Fargo,2,No,0.1599622910607971,0.5931652913661942,0.2468724175730086,Experian,0.5931652913661942,EX 59%,Lender seen in this state
Michigan,MI,American Express,9,No,0.0339837495012662,0.9168470409535104,0.0491692095452234,Experian,0.9168470409535104,EX 92%,Lender seen in this state
Michigan,MI,Apple Card,0,No,0.1442646710433318,0.1449974296644685,0.7107378992921995,TransUnion,0.7107378992921995,TU 71%,Estimated from other states
Michigan,MI,Bank of America,4,No,0.0973355218795605,0.4167435305128174,0.4859209476076221,TransUnion,0.4859209476076221,TU 49%,Lender seen in this state
Michigan,MI,Barclays,0,No,0.1137886202625046,0.2296936343715886,0.6565177453659066,TransUnion,0.6565177453659066,TU 66%,Estimated from other states
Michigan,MI,Capital One,0,No,0.3592130867519694,0.3674036968771668,0.2733832163708639,Experian,0.3674036968771668,EX 37%,Estimated from other states
Michigan,MI,Chase,3,No,0.3281103550510647,0.3656505056100607,0.3062391393388745,Experian,0.3656505056100607,EX 37%,Lender seen in this state
Michigan,MI,Citi,19,No,0.4420244625463048,0.4577930618140317,0.1001824756396635,Experian,0.4577930618140317,EX 46%,Lender seen in this state
Michigan,MI,Comenity / Bread,0,No,0.4132172461136444,0.4396814179606422,0.1471013359257133,Experian,0.4396814179606422,EX 44%,Estimated from other states
Michigan,MI,Discover,1,No,0.3153994174923631,0.5354512062276975,0.1491493762799393,Experian,0.5354512062276975,EX 54%,Lender seen in this state
Michigan,MI,Elan,0,No,0.2332961267014797,0.2227956478397308,0.5439082254587894,TransUnion,0.5439082254587894,TU 54%,Estimated from other states
Michigan,MI,Navy Federal,0,No,0.1843352818185131,0.1924668869132511,0.6231978312682357,TransUnion,0.6231978312682357,TU 62%,Estimated from other states
Michigan,MI,Synchrony,0,No,0.1464915658876076,0.2720520547734056,0.5814563793389868,TransUnion,0.5814563793389868,TU 58%,Estimated from other states
Michigan,MI,U.S. Bank,1,No,0.2650849743568282,0.20857552475077,0.5263395008924018,TransUnion,0.5263395008924018,TU 53%,Lender seen in this state
Michigan,MI,Wells Fargo,1,No,0.2804065742187459,0.4080807978842133,0.3115126278970407,Experian,0.4080807978842133,EX 41%,Lender seen in this state
Minnesota,MN,American Express,4,No,0.0274011579707506,0.9365073851002752,0.036091456928974,Experian,0.9365073851002752,EX 94%,Lender seen in this state
Minnesota,MN,Apple Card,1,No,0.1336683704162923,0.2033516653016687,0.662979964282039,TransUnion,0.662979964282039,TU 66%,Lender seen in this state
Minnesota,MN,Bank of America,3,No,0.112396482787709,0.6691856239507069,0.218417893261584,Experian,0.6691856239507069,EX 67%,Lender seen in this state
Minnesota,MN,Barclays,1,No,0.1018894087722352,0.30002001787658,0.5980905733511847,TransUnion,0.5980905733511847,TU 60%,Lender seen in this state
Minnesota,MN,Capital One,0,No,0.30808102450126,0.4866401418773548,0.2052788336213851,Experian,0.4866401418773548,EX 49%,Estimated from other states
Minnesota,MN,Chase,2,No,0.3071049119530548,0.4945863868741326,0.1983087011728125,Experian,0.4945863868741326,EX 49%,Lender seen in this state
Minnesota,MN,Citi,6,No,0.4862739001429255,0.4368591219193705,0.0768669779377039,Equifax,0.4862739001429255,EQ 49%,Lender seen in this state
Minnesota,MN,Comenity / Bread,0,No,0.3384151046175272,0.5561104039701245,0.1054744914123482,Experian,0.5561104039701245,EX 56%,Estimated from other states
Minnesota,MN,Discover,1,No,0.1717406631160537,0.7352648666104586,0.0929944702734877,Experian,0.7352648666104586,EX 74%,Lender seen in this state
Minnesota,MN,Elan,0,No,0.2214337879000436,0.3265838258618216,0.4519823862381347,TransUnion,0.4519823862381347,TU 45%,Estimated from other states
Minnesota,MN,Navy Federal,0,No,0.1794559675476796,0.289372374495943,0.5311716579563774,TransUnion,0.5311716579563774,TU 53%,Estimated from other states
Minnesota,MN,Synchrony,1,No,0.1275530239676764,0.3433853414877675,0.529061634544556,TransUnion,0.529061634544556,TU 53%,Lender seen in this state
Minnesota,MN,U.S. Bank,4,No,0.2070387427530825,0.2964792169206577,0.4964820403262596,TransUnion,0.4964820403262596,TU 50%,Lender seen in this state
Minnesota,MN,Wells Fargo,4,No,0.1331471398215272,0.6994491659801376,0.1674036941983351,Experian,0.6994491659801376,EX 70%,Lender seen in this state
Mississippi,MS,American Express,4,No,0.1306595384143927,0.7905146200628105,0.0788258415227968,Experian,0.7905146200628105,EX 79%,Lender seen in this state
Mississippi,MS,Apple Card,0,No,0.19752830610268,0.1362656029809751,0.6662060909163448,TransUnion,0.6662060909163448,TU 67%,Estimated from other states
Mississippi,MS,Bank of America,2,No,0.1337588621745354,0.5919740934636031,0.2742670443618615,Experian,0.5919740934636031,EX 59%,Lender seen in this state
Mississippi,MS,Barclays,0,No,0.1578451838720824,0.2186945963907051,0.6234602197372124,TransUnion,0.6234602197372124,TU 62%,Estimated from other states
Mississippi,MS,Capital One,0,No,0.4498361542362256,0.3157928684869025,0.2343709772768718,Equifax,0.4498361542362256,EQ 45%,Estimated from other states
Mississippi,MS,Chase,1,No,0.3716173438774957,0.3050706233511246,0.3233120327713797,Equifax,0.3716173438774957,EQ 37%,Lender seen in this state
Mississippi,MS,Citi,0,No,0.5231820378986957,0.370042559172442,0.1067754029288622,Equifax,0.5231820378986957,EQ 52%,Estimated from other states
Mississippi,MS,Comenity / Bread,0,No,0.5065773676268973,0.3699661962747447,0.1234564360983579,Equifax,0.5065773676268973,EQ 51%,Estimated from other states
Mississippi,MS,Discover,0,No,0.3242093754522834,0.5416523624893822,0.1341382620583343,Experian,0.5416523624893822,EX 54%,Estimated from other states
Mississippi,MS,Elan,0,No,0.3075475694349909,0.2015895718933748,0.4908628586716344,TransUnion,0.4908628586716344,TU 49%,Estimated from other states
Mississippi,MS,Navy Federal,0,No,0.2480717310988217,0.1777793937235306,0.5741488751776477,TransUnion,0.5741488751776477,TU 57%,Estimated from other states
Mississippi,MS,Synchrony,0,No,0.2003227545082461,0.2553443551093993,0.5443328903823544,TransUnion,0.5443328903823544,TU 54%,Estimated from other states
Mississippi,MS,U.S. Bank,0,No,0.378526511893715,0.2027296699161478,0.418743818190137,TransUnion,0.418743818190137,TU 42%,Estimated from other states
Mississippi,MS,Wells Fargo,0,No,0.2902283495162243,0.4077677590224618,0.3020038914613138,Experian,0.4077677590224618,EX 41%,Estimated from other states
Missouri,MO,American Express,3,Yes,0.0360029178085594,0.9160648205207328,0.0479322616707076,Experian,0.9160648205207328,EX 92%,Lender seen in this state
Missouri,MO,Apple Card,1,Yes,0.1428654300755151,0.1662314094449081,0.6909031604795767,TransUnion,0.6909031604795767,TU 69%,Lender seen in this state
Missouri,MO,Bank of America,1,Yes,0.0998847450208388,0.6238675830187602,0.2762476719604008,Experian,0.6238675830187602,EX 62%,Lender seen in this state
Missouri,MO,Barclays,0,Yes,0.1185490499181494,0.2758485994766805,0.60560235060517,TransUnion,0.60560235060517,TU 61%,Estimated from other states
Missouri,MO,Capital One,3,Yes,0.3439357700995903,0.4178077644432086,0.2382564654572009,Experian,0.4178077644432086,EX 42%,Lender seen in this state
Missouri,MO,Chase,4,Yes,0.2961812384785014,0.4547169419722338,0.2491018195492648,Experian,0.4547169419722338,EX 45%,Lender seen in this state
Missouri,MO,Citi,5,Yes,0.3440287883405236,0.5337567977315766,0.1222144139278997,Experian,0.5337567977315766,EX 53%,Lender seen in this state
Missouri,MO,Comenity / Bread,0,Yes,0.3934317339162434,0.4825603523351948,0.1240079137485616,Experian,0.4825603523351948,EX 48%,Estimated from other states
Missouri,MO,Discover,0,Yes,0.2303652075786539,0.6463651731573887,0.1232696192639574,Experian,0.6463651731573887,EX 65%,Estimated from other states
Missouri,MO,Elan,1,Yes,0.3024169733974665,0.2516499899859692,0.4459330366165642,TransUnion,0.4459330366165642,TU 45%,Lender seen in this state
Missouri,MO,Navy Federal,2,Yes,0.2352823155741773,0.2188545218828021,0.5458631625430206,TransUnion,0.5458631625430206,TU 55%,Lender seen in this state
Missouri,MO,Synchrony,0,Yes,0.1502609005033693,0.3216680703447301,0.5280710291519005,TransUnion,0.5280710291519005,TU 53%,Estimated from other states
Missouri,MO,U.S. Bank,1,Yes,0.3662175011980094,0.2510221417456845,0.382760357056306,TransUnion,0.382760357056306,TU 38%,Lender seen in this state
Missouri,MO,Wells Fargo,0,Yes,0.212521029094736,0.5014653746449214,0.2860135962603427,Experian,0.5014653746449214,EX 50%,Estimated from other states
Montana,MT,American Express,0,Yes,0.0506972753677457,0.8686124718084274,0.0806902528238267,Experian,0.8686124718084274,EX 87%,Estimated from other states
Montana,MT,Apple Card,0,Yes,0.1428465184470596,0.1233188812500905,0.7338346003028499,TransUnion,0.7338346003028499,TU 73%,Estimated from other states
Montana,MT,Bank of America,0,Yes,0.1175396081391801,0.477034289738828,0.4054261021219918,Experian,0.477034289738828,EX 48%,Estimated from other states
Montana,MT,Barclays,0,Yes,0.1142843562286051,0.1981511132621294,0.6875645305092654,TransUnion,0.6875645305092654,TU 69%,Estimated from other states
Montana,MT,Capital One,0,Yes,0.3742356298085342,0.328772971481022,0.2969913987104436,Equifax,0.3742356298085342,EQ 37%,Estimated from other states
Montana,MT,Chase,1,Yes,0.304084789096697,0.3067543278363421,0.3891608830669609,TransUnion,0.3891608830669609,TU 39%,Lender seen in this state
Montana,MT,Citi,1,Yes,0.5163804513035483,0.3512644866532254,0.1323550620432262,Equifax,0.5163804513035483,EQ 52%,Lender seen in this state
Montana,MT,Comenity / Bread,0,Yes,0.43760779469284,0.3999487318114066,0.1624434734957532,Equifax,0.43760779469284,EQ 44%,Estimated from other states
Montana,MT,Discover,0,Yes,0.2687501825540129,0.5618842432010074,0.1693655742449797,Experian,0.5618842432010074,EX 56%,Estimated from other states
Montana,MT,Elan,0,Yes,0.2352198513495501,0.1929446531548618,0.5718354954955881,TransUnion,0.5718354954955881,TU 57%,Estimated from other states
Montana,MT,Navy Federal,0,Yes,0.184429457483868,0.1654007390105285,0.6501698035056034,TransUnion,0.6501698035056034,TU 65%,Estimated from other states
Montana,MT,Synchrony,0,Yes,0.1484995402792191,0.2368776580458785,0.6146228016749024,TransUnion,0.6146228016749024,TU 61%,Estimated from other states
Montana,MT,U.S. Bank,0,Yes,0.29804163372146,0.1997565180275531,0.5022018482509868,TransUnion,0.5022018482509868,TU 50%,Estimated from other states
Montana,MT,Wells Fargo,0,Yes,0.2302447199928811,0.4048235280083804,0.3649317519987383,Experian,0.4048235280083804,EX 40%,Estimated from other states
Nebraska,NE,American Express,0,Yes,0.0507730443076633,0.8773791702318078,0.0718477854605288,Experian,0.8773791702318078,EX 88%,Estimated from other states
Nebraska,NE,Apple Card,0,Yes,0.1553243204444714,0.1352421457876186,0.70943353376791,TransUnion,0.70943353376791,TU 71%,Estimated from other states
Nebraska,NE,Bank of America,0,Yes,0.1225483991599447,0.5016325115684832,0.3758190892715721,Experian,0.5016325115684832,EX 50%,Estimated from other states
Nebraska,NE,Barclays,0,Yes,0.1234918320960237,0.2159536946214706,0.6605544732825056,TransUnion,0.6605544732825056,TU 66%,Estimated from other states
Nebraska,NE,Capital One,0,Yes,0.3858568217889494,0.3418927024298515,0.2722504757811991,Equifax,0.3858568217889494,EQ 39%,Estimated from other states
Nebraska,NE,Chase,1,Yes,0.315945296641297,0.3210450850812124,0.3630096182774905,TransUnion,0.3630096182774905,TU 36%,Lender seen in this state
Nebraska,NE,Citi,0,Yes,0.461020371586279,0.4115614178989047,0.1274182105148162,Equifax,0.461020371586279,EQ 46%,Estimated from other states
Nebraska,NE,Comenity / Bread,0,Yes,0.4440841191716917,0.4093522595966829,0.1465636212316253,Equifax,0.4440841191716917,EQ 44%,Estimated from other states
Nebraska,NE,Discover,0,Yes,0.2725553362921344,0.5747320936009058,0.1527125701069597,Experian,0.5747320936009058,EX 57%,Estimated from other states
Nebraska,NE,Elan,0,Yes,0.2507054533837179,0.2074126460707065,0.5418819005455755,TransUnion,0.5418819005455755,TU 54%,Estimated from other states
Nebraska,NE,Navy Federal,0,Yes,0.1984591210169694,0.1795109291195965,0.622029949863434,TransUnion,0.622029949863434,TU 62%,Estimated from other states
Nebraska,NE,Synchrony,0,Yes,0.1590163477333481,0.2558311601049954,0.5851524921616563,TransUnion,0.5851524921616563,TU 59%,Estimated from other states
Nebraska,NE,U.S. Bank,1,Yes,0.3828142588481112,0.2008420341286675,0.4163437070232212,TransUnion,0.4163437070232212,TU 42%,Lender seen in this state
Nebraska,NE,Wells Fargo,0,Yes,0.2390912157927135,0.4239868240222821,0.3369219601850042,Experian,0.4239868240222821,EX 42%,Estimated from other states
Nevada,NV,American Express,2,Yes,0.0316559324337335,0.9204587993175808,0.0478852682486855,Experian,0.9204587993175808,EX 92%,Lender seen in this state
Nevada,NV,Apple Card,0,Yes,0.1366848657375896,0.188115159343309,0.6751999749191013,TransUnion,0.6751999749191013,TU 68%,Estimated from other states
Nevada,NV,Bank of America,6,Yes,0.1085244881659813,0.5812949172644879,0.3101805945695307,Experian,0.5812949172644879,EX 58%,Lender seen in this state
Nevada,NV,Barclays,1,Yes,0.0987798201888017,0.2662264053812289,0.6349937744299693,TransUnion,0.6349937744299693,TU 63%,Lender seen in this state
Nevada,NV,Capital One,0,Yes,0.3160918123431638,0.4426981106477348,0.2412100770091013,Experian,0.4426981106477348,EX 44%,Estimated from other states
Nevada,NV,Chase,9,Yes,0.3446426803119214,0.4732957429500506,0.1820615767380279,Experian,0.4732957429500506,EX 47%,Lender seen in this state
Nevada,NV,Citi,7,Yes,0.3881169582946101,0.5271825964352265,0.0847004452701634,Experian,0.5271825964352265,EX 53%,Lender seen in this state
Nevada,NV,Comenity / Bread,0,Yes,0.3553716938326973,0.5177803387470967,0.1268479674202058,Experian,0.5177803387470967,EX 52%,Estimated from other states
Nevada,NV,Discover,0,Yes,0.2024689104719167,0.6748385434540771,0.122692546074006,Experian,0.6748385434540771,EX 67%,Estimated from other states
Nevada,NV,Elan,0,Yes,0.2152695780052577,0.2815042035466602,0.503226218448082,TransUnion,0.503226218448082,TU 50%,Estimated from other states
Nevada,NV,Navy Federal,0,Yes,0.1718341573076263,0.2456745121768391,0.5824913305155346,TransUnion,0.5824913305155346,TU 58%,Estimated from other states
Nevada,NV,Synchrony,2,Yes,0.121869868304076,0.3614942618553343,0.5166358698405897,TransUnion,0.5166358698405897,TU 52%,Lender seen in this state
Nevada,NV,U.S. Bank,2,Yes,0.2378844323509021,0.409288099885695,0.3528274677634028,Experian,0.409288099885695,EX 41%,Lender seen in this state
Nevada,NV,Wells Fargo,3,Yes,0.1452294725768148,0.6517959830701602,0.202974544353025,Experian,0.6517959830701602,EX 65%,Lender seen in this state
New Hampshire,NH,American Express,4,No,0.0385657627700173,0.918489260625468,0.0429449766045148,Experian,0.918489260625468,EX 92%,Lender seen in this state
New Hampshire,NH,Apple Card,0,No,0.1760272035789106,0.1842684874023329,0.6397043090187564,TransUnion,0.6397043090187564,TU 64%,Estimated from other states
New Hampshire,NH,Bank of America,2,No,0.1124878942520229,0.565085965349709,0.3224261403982681,Experian,0.565085965349709,EX 57%,Lender seen in this state
New Hampshire,NH,Barclays,0,No,0.1358993148752531,0.285718500803105,0.5783821843216417,TransUnion,0.5783821843216417,TU 58%,Estimated from other states
New Hampshire,NH,Capital One,0,No,0.3807097447827861,0.4055611372264732,0.2137291179907406,Experian,0.4055611372264732,EX 41%,Estimated from other states
New Hampshire,NH,Chase,2,No,0.3782647436917182,0.3470596681225716,0.2746755881857102,Equifax,0.3782647436917182,EQ 38%,Lender seen in this state
New Hampshire,NH,Citi,6,No,0.5384834430265881,0.3842720426997064,0.0772445142737053,Equifax,0.5384834430265881,EQ 54%,Lender seen in this state
New Hampshire,NH,Comenity / Bread,0,No,0.4217935805909232,0.4674450936179621,0.1107613257911146,Experian,0.4674450936179621,EX 47%,Estimated from other states
New Hampshire,NH,Discover,0,No,0.2511937191635141,0.6368222466848976,0.1119840341515882,Experian,0.6368222466848976,EX 64%,Estimated from other states
New Hampshire,NH,Elan,0,No,0.2692217111076687,0.2677812854272399,0.4629970034650914,TransUnion,0.4629970034650914,TU 46%,Estimated from other states
New Hampshire,NH,Navy Federal,0,No,0.2182783365352225,0.2373718187072696,0.5443498447575077,TransUnion,0.5443498447575077,TU 54%,Estimated from other states
New Hampshire,NH,Synchrony,0,No,0.1705865060089381,0.3299552404804821,0.4994582535105799,TransUnion,0.4994582535105799,TU 50%,Estimated from other states
New Hampshire,NH,U.S. Bank,1,No,0.3091446680996565,0.3320483896344943,0.3588069422658491,TransUnion,0.3588069422658491,TU 36%,Lender seen in this state
New Hampshire,NH,Wells Fargo,1,No,0.213631070087423,0.5503210028956106,0.2360479270169662,Experian,0.5503210028956106,EX 55%,Lender seen in this state
New Jersey,NJ,American Express,18,No,0.0201213451903467,0.9380139477307043,0.0418647070789489,Experian,0.9380139477307043,EX 94%,Lender seen in this state
New Jersey,NJ,Apple Card,0,No,0.0988880603509153,0.1719815673180531,0.7291303723310315,TransUnion,0.7291303723310315,TU 73%,Estimated from other states
New Jersey,NJ,Bank of America,8,No,0.0559508898464249,0.6640960226561338,0.2799530874974412,Experian,0.6640960226561338,EX 66%,Lender seen in this state
New Jersey,NJ,Barclays,1,No,0.0713941824526841,0.2375630311829992,0.6910427863643166,TransUnion,0.6910427863643166,TU 69%,Lender seen in this state
New Jersey,NJ,Capital One,6,No,0.2826796457932478,0.4262132437994021,0.2911071104073501,Experian,0.4262132437994021,EX 43%,Lender seen in this state
New Jersey,NJ,Chase,4,No,0.2318983207221301,0.4717534489341339,0.2963482303437358,Experian,0.4717534489341339,EX 47%,Lender seen in this state
New Jersey,NJ,Citi,8,No,0.2870863033596518,0.5815573559827371,0.1313563406576111,Experian,0.5815573559827371,EX 58%,Lender seen in this state
New Jersey,NJ,Comenity / Bread,3,No,0.3780537842560574,0.4852054325426592,0.1367407832012831,Experian,0.4852054325426592,EX 49%,Lender seen in this state
New Jersey,NJ,Discover,3,No,0.1447969534081492,0.6830431524956833,0.1721598940961675,Experian,0.6830431524956833,EX 68%,Lender seen in this state
New Jersey,NJ,Elan,1,No,0.1597611683237873,0.3363619375185689,0.5038768941576437,TransUnion,0.5038768941576437,TU 50%,Lender seen in this state
New Jersey,NJ,Navy Federal,2,No,0.1088580924296339,0.1874787644712223,0.7036631430991437,TransUnion,0.7036631430991437,TU 70%,Lender seen in this state
New Jersey,NJ,Synchrony,2,No,0.0928444030620338,0.3456707465661907,0.5614848503717754,TransUnion,0.5614848503717754,TU 56%,Lender seen in this state
New Jersey,NJ,U.S. Bank,6,No,0.2017234879799739,0.3061345438045991,0.4921419682154269,TransUnion,0.4921419682154269,TU 49%,Lender seen in this state
New Jersey,NJ,Wells Fargo,2,No,0.1361383521566714,0.406021448426555,0.4578401994167735,TransUnion,0.4578401994167735,TU 46%,Lender seen in this state
New Mexico,NM,American Express,2,No,0.0349175187106517,0.9165464846675416,0.0485359966218064,Experian,0.9165464846675416,EX 92%,Lender seen in this state
New Mexico,NM,Apple Card,2,No,0.1859189066875589,0.1723845682360734,0.6416965250763675,TransUnion,0.6416965250763675,TU 64%,Lender seen in this state
New Mexico,NM,Bank of America,1,No,0.0947125918485171,0.6318660295078684,0.2734213786436146,Experian,0.6318660295078684,EX 63%,Lender seen in this state
New Mexico,NM,Barclays,1,No,0.1055562745965275,0.2513787067644884,0.6430650186389841,TransUnion,0.6430650186389841,TU 64%,Lender seen in this state
New Mexico,NM,Capital One,0,No,0.3378392838709337,0.4253439311391633,0.2368167849899028,Experian,0.4253439311391633,EX 43%,Estimated from other states
New Mexico,NM,Chase,2,No,0.2563654677930175,0.4497611276588553,0.2938734045481273,Experian,0.4497611276588553,EX 45%,Lender seen in this state
New Mexico,NM,Citi,2,No,0.3097095234008984,0.594516429062444,0.0957740475366575,Experian,0.594516429062444,EX 59%,Lender seen in this state
New Mexico,NM,Comenity / Bread,0,No,0.37912326468261,0.4965681145090909,0.1243086208082989,Experian,0.4965681145090909,EX 50%,Estimated from other states
New Mexico,NM,Discover,1,No,0.2877865311445594,0.5871634858331929,0.1250499830222476,Experian,0.5871634858331929,EX 59%,Lender seen in this state
New Mexico,NM,Elan,0,No,0.2313272146465905,0.2719346971371831,0.4967380882162264,TransUnion,0.4967380882162264,TU 50%,Estimated from other states
New Mexico,NM,Navy Federal,0,No,0.1852155967690889,0.2380476130406675,0.5767367901902435,TransUnion,0.5767367901902435,TU 58%,Estimated from other states
New Mexico,NM,Synchrony,0,No,0.1440538249655904,0.3293084726420644,0.5266377023923452,TransUnion,0.5266377023923452,TU 53%,Estimated from other states
New Mexico,NM,U.S. Bank,0,No,0.2899506801037234,0.278501330632366,0.4315479892639106,TransUnion,0.4315479892639106,TU 43%,Estimated from other states
New Mexico,NM,Wells Fargo,0,No,0.2032632336909969,0.5121698569051597,0.2845669094038434,Experian,0.5121698569051597,EX 51%,Estimated from other states
New York,NY,American Express,41,No,0.0209202371676734,0.9426679120671336,0.0364118507651927,Experian,0.9426679120671336,EX 94%,Lender seen in this state
New York,NY,Apple Card,0,No,0.1219866584844444,0.2509908257433601,0.6270225157721954,TransUnion,0.6270225157721954,TU 63%,Estimated from other states
New York,NY,Bank of America,12,No,0.0784601974854855,0.6326324596768474,0.288907342837667,Experian,0.6326324596768474,EX 63%,Lender seen in this state
New York,NY,Barclays,2,No,0.0806667586914717,0.3010474127638061,0.618285828544722,TransUnion,0.618285828544722,TU 62%,Lender seen in this state
New York,NY,Capital One,3,No,0.2724850485624206,0.5134460139429404,0.214068937494639,Experian,0.5134460139429404,EX 51%,Lender seen in this state
New York,NY,Chase,5,No,0.2177220133491157,0.5737914540628315,0.2084865325880528,Experian,0.5737914540628315,EX 57%,Lender seen in this state
New York,NY,Citi,43,No,0.3899848454490385,0.4966493567370476,0.1133657978139137,Experian,0.4966493567370476,EX 50%,Lender seen in this state
New York,NY,Comenity / Bread,2,No,0.2264443584407686,0.6824324356689679,0.0911232058902633,Experian,0.6824324356689679,EX 68%,Lender seen in this state
New York,NY,Discover,3,No,0.1784925347573066,0.7310760092120302,0.0904314560306633,Experian,0.7310760092120302,EX 73%,Lender seen in this state
New York,NY,Elan,1,No,0.1749690158784584,0.4266086317348809,0.3984223523866605,Experian,0.4266086317348809,EX 43%,Lender seen in this state
New York,NY,Navy Federal,1,No,0.1385895911863184,0.2836860467541318,0.5777243620595498,TransUnion,0.5777243620595498,TU 58%,Lender seen in this state
New York,NY,Synchrony,2,No,0.1030835002264217,0.4336653214862666,0.4632511782873116,TransUnion,0.4632511782873116,TU 46%,Lender seen in this state
New York,NY,U.S. Bank,8,No,0.1523131669440381,0.4818716022574939,0.3658152307984679,Experian,0.4818716022574939,EX 48%,Lender seen in this state
New York,NY,Wells Fargo,6,No,0.1926372354086917,0.637769883405588,0.1695928811857203,Experian,0.637769883405588,EX 64%,Lender seen in this state
North Carolina,NC,American Express,14,Yes,0.0528088551412327,0.8989883623699442,0.048202782488823,Experian,0.8989883623699442,EX 90%,Lender seen in this state
North Carolina,NC,Apple Card,0,Yes,0.2578761627467539,0.1760992858805649,0.5660245513726812,TransUnion,0.5660245513726812,TU 57%,Estimated from other states
North Carolina,NC,Bank of America,11,Yes,0.2286342672994392,0.5022711285940527,0.269094604106508,Experian,0.5022711285940527,EX 50%,Lender seen in this state
North Carolina,NC,Barclays,0,Yes,0.2023460579506719,0.2775178727320496,0.5201360693172784,TransUnion,0.5201360693172784,TU 52%,Estimated from other states
North Carolina,NC,Capital One,0,Yes,0.4916425517119356,0.3416543207164506,0.1667031275716136,Equifax,0.4916425517119356,EQ 49%,Estimated from other states
North Carolina,NC,Chase,5,Yes,0.4336502222521572,0.3752826579858659,0.1910671197619767,Equifax,0.4336502222521572,EQ 43%,Lender seen in this state
North Carolina,NC,Citi,29,Yes,0.5188207153101855,0.4122562984822488,0.0689229862075655,Equifax,0.5188207153101855,EQ 52%,Lender seen in this state
North Carolina,NC,Comenity / Bread,2,Yes,0.5182786596631163,0.4024341950859477,0.0792871452509358,Equifax,0.5182786596631163,EQ 52%,Lender seen in this state
North Carolina,NC,Discover,2,Yes,0.3669170893210782,0.5463884611737896,0.0866944495051322,Experian,0.5463884611737896,EX 55%,Lender seen in this state
North Carolina,NC,Elan,1,Yes,0.4331800370527853,0.2227287949004138,0.3440911680468007,Equifax,0.4331800370527853,EQ 43%,Lender seen in this state
North Carolina,NC,Navy Federal,0,Yes,0.3109804102452981,0.2206107486677147,0.4684088410869873,TransUnion,0.4684088410869873,TU 47%,Estimated from other states
North Carolina,NC,Synchrony,3,Yes,0.266616979936718,0.3209091626640678,0.4124738573992141,TransUnion,0.4124738573992141,TU 41%,Lender seen in this state
North Carolina,NC,U.S. Bank,3,Yes,0.505036584533232,0.2470912800465,0.2478721354202679,Equifax,0.505036584533232,EQ 51%,Lender seen in this state
North Carolina,NC,Wells Fargo,6,Yes,0.4111030368677136,0.3350120568464466,0.2538849062858399,Equifax,0.4111030368677136,EQ 41%,Lender seen in this state
Ohio,OH,American Express,9,No,0.0210042644873383,0.929632644906888,0.0493630906057735,Experian,0.929632644906888,EX 93%,Lender seen in this state
Ohio,OH,Apple Card,0,No,0.0907359462309804,0.1593339019566868,0.7499301518123328,TransUnion,0.7499301518123328,TU 75%,Estimated from other states
Ohio,OH,Bank of America,1,No,0.0643462087684208,0.6070371863756843,0.328616604855895,Experian,0.6070371863756843,EX 61%,Lender seen in this state
Ohio,OH,Barclays,0,No,0.0703928656366836,0.2482603016483816,0.6813468327149347,TransUnion,0.6813468327149347,TU 68%,Estimated from other states
Ohio,OH,Capital One,1,No,0.2239813997987226,0.4954052400357078,0.2806133601655694,Experian,0.4954052400357078,EX 50%,Lender seen in this state
Ohio,OH,Chase,5,No,0.2148369268170437,0.4264821121136539,0.3586809610693025,Experian,0.4264821121136539,EX 43%,Lender seen in this state
Ohio,OH,Citi,7,No,0.1703254561646511,0.7336389420543904,0.0960356017809584,Experian,0.7336389420543904,EX 73%,Lender seen in this state
Ohio,OH,Comenity / Bread,1,No,0.3569501782100218,0.4755229036655741,0.1675269181244041,Experian,0.4755229036655741,EX 48%,Lender seen in this state
Ohio,OH,Discover,0,No,0.1595759536650681,0.6786321604357196,0.1617918858992123,Experian,0.6786321604357196,EX 68%,Estimated from other states
Ohio,OH,Elan,1,No,0.1396314503522557,0.2267478433309166,0.6336207063168277,TransUnion,0.6336207063168277,TU 63%,Lender seen in this state
Ohio,OH,Navy Federal,0,No,0.1177043160233802,0.2147179973456917,0.667577686630928,TransUnion,0.667577686630928,TU 67%,Estimated from other states
Ohio,OH,Synchrony,1,No,0.0858814902435626,0.2642518584480538,0.6498666513083834,TransUnion,0.6498666513083834,TU 65%,Lender seen in this state
Ohio,OH,U.S. Bank,5,No,0.1359538470129825,0.1717157831544397,0.6923303698325776,TransUnion,0.6923303698325776,TU 69%,Lender seen in this state
Ohio,OH,Wells Fargo,8,No,0.1048334973380256,0.421162198617332,0.4740043040446423,TransUnion,0.4740043040446423,TU 47%,Lender seen in this state
Oklahoma,OK,American Express,5,Yes,0.0518553360996535,0.8489096445457595,0.0992350193545869,Experian,0.8489096445457595,EX 85%,Lender seen in this state
Oklahoma,OK,Apple Card,0,Yes,0.1474790274321078,0.1221520836182887,0.7303688889496034,TransUnion,0.7303688889496034,TU 73%,Estimated from other states
Oklahoma,OK,Bank of America,0,Yes,0.1216697560659012,0.4737603324265471,0.4045699115075517,Experian,0.4737603324265471,EX 47%,Estimated from other states
Oklahoma,OK,Barclays,0,Yes,0.1181578809927263,0.196554559437873,0.6852875595694007,TransUnion,0.6852875595694007,TU 69%,Estimated from other states
Oklahoma,OK,Capital One,0,Yes,0.3834490078261594,0.3231984657679616,0.2933525264058789,Equifax,0.3834490078261594,EQ 38%,Estimated from other states
Oklahoma,OK,Chase,1,Yes,0.3113652511308387,0.3030485524490577,0.3855861964201034,TransUnion,0.3855861964201034,TU 39%,Lender seen in this state
Oklahoma,OK,Citi,6,Yes,0.5508170551483161,0.3443832194433717,0.1047997254083121,Equifax,0.5508170551483161,EQ 55%,Lender seen in this state
Oklahoma,OK,Comenity / Bread,0,Yes,0.4474855257246286,0.3923818996917335,0.160132574583638,Equifax,0.4474855257246286,EQ 45%,Estimated from other states
Oklahoma,OK,Discover,0,Yes,0.2767463832212501,0.5551249378490218,0.168128678929728,Experian,0.5551249378490218,EX 56%,Estimated from other states
Oklahoma,OK,Elan,0,Yes,0.2420970470462129,0.1905280695852216,0.5673748833685653,TransUnion,0.5673748833685653,TU 57%,Estimated from other states
Oklahoma,OK,Navy Federal,0,Yes,0.190154647447515,0.1636156339127337,0.6462297186397511,TransUnion,0.6462297186397511,TU 65%,Estimated from other states
Oklahoma,OK,Synchrony,0,Yes,0.1533656985480828,0.2347134227985622,0.6119208786533548,TransUnion,0.6119208786533548,TU 61%,Estimated from other states
Oklahoma,OK,U.S. Bank,0,Yes,0.3060532990055928,0.1968030330334806,0.4971436679609265,TransUnion,0.4971436679609265,TU 50%,Estimated from other states
Oklahoma,OK,Wells Fargo,0,Yes,0.2372576619352005,0.4002275775621804,0.3625147605026192,Experian,0.4002275775621804,EX 40%,Estimated from other states
Oregon,OR,American Express,6,No,0.0260928942653294,0.9199503728741624,0.0539567328605082,Experian,0.9199503728741624,EX 92%,Lender seen in this state
Oregon,OR,Apple Card,1,No,0.0973679844368466,0.1419543003591797,0.7606777152039735,TransUnion,0.7606777152039735,TU 76%,Lender seen in this state
Oregon,OR,Bank of America,5,No,0.0703274599104931,0.4774367817809205,0.4522357583085863,Experian,0.4774367817809205,EX 48%,Lender seen in this state
Oregon,OR,Barclays,0,No,0.081645992608605,0.2423273556105893,0.6760266517808056,TransUnion,0.6760266517808056,TU 68%,Estimated from other states
Oregon,OR,Capital One,0,No,0.2780819739055215,0.4181977104301212,0.3037203156643571,Experian,0.4181977104301212,EX 42%,Estimated from other states
Oregon,OR,Chase,2,No,0.2815919729610778,0.4396744739467141,0.2787335530922079,Experian,0.4396744739467141,EX 44%,Lender seen in this state
Oregon,OR,Citi,12,No,0.3027808131116081,0.54528265199558,0.151936534892812,Experian,0.54528265199558,EX 55%,Lender seen in this state
Oregon,OR,Comenity / Bread,0,No,0.3251624075545536,0.5087183985315233,0.166119193913923,Experian,0.5087183985315233,EX 51%,Estimated from other states
Oregon,OR,Discover,0,No,0.1836118703044556,0.6571381477536907,0.1592499819418537,Experian,0.6571381477536907,EX 66%,Estimated from other states
Oregon,OR,Elan,0,No,0.1739143847327141,0.2442036331198053,0.5818819821474804,TransUnion,0.5818819821474804,TU 58%,Estimated from other states
Oregon,OR,Navy Federal,0,No,0.1353737931957007,0.2078258638425201,0.6568003429617791,TransUnion,0.6568003429617791,TU 66%,Estimated from other states
Oregon,OR,Synchrony,0,No,0.1060805372349228,0.2896626778709412,0.6042567848941359,TransUnion,0.6042567848941359,TU 60%,Estimated from other states
Oregon,OR,U.S. Bank,5,No,0.1625213846854269,0.2242430163212588,0.6132355989933143,TransUnion,0.6132355989933143,TU 61%,Lender seen in this state
Oregon,OR,Wells Fargo,1,No,0.1503623571023672,0.5392552481399935,0.3103823947576392,Experian,0.5392552481399935,EX 54%,Lender seen in this state
Pennsylvania,PA,American Express,10,No,0.0223169608927965,0.9340279322541564,0.0436551068530471,Experian,0.9340279322541564,EX 93%,Lender seen in this state
Pennsylvania,PA,Apple Card,0,No,0.1060975721538811,0.1731814422955103,0.7207209855506086,TransUnion,0.7207209855506086,TU 72%,Estimated from other states
Pennsylvania,PA,Bank of America,10,No,0.0602362057883958,0.5797747638271438,0.3599890303844604,Experian,0.5797747638271438,EX 58%,Lender seen in this state
Pennsylvania,PA,Barclays,1,No,0.0835791185273218,0.3413382601106369,0.5750826213620414,TransUnion,0.5750826213620414,TU 58%,Lender seen in this state
Pennsylvania,PA,Capital One,0,No,0.26950950756475,0.4476731570821121,0.2828173353531378,Experian,0.4476731570821121,EX 45%,Estimated from other states
Pennsylvania,PA,Chase,5,No,0.2304908344611696,0.4327800291399074,0.3367291363989229,Experian,0.4327800291399074,EX 43%,Lender seen in this state
Pennsylvania,PA,Citi,31,No,0.1962037095953922,0.6444019927683662,0.1593942976362417,Experian,0.6444019927683662,EX 64%,Lender seen in this state
Pennsylvania,PA,Comenity / Bread,2,No,0.3383216335199454,0.5228282271758916,0.1388501393041629,Experian,0.5228282271758916,EX 52%,Lender seen in this state
Pennsylvania,PA,Discover,1,No,0.1575130343109247,0.710302695456569,0.1321842702325063,Experian,0.710302695456569,EX 71%,Lender seen in this state
Pennsylvania,PA,Elan,1,No,0.1586316348167123,0.2399768529093315,0.601391512273956,TransUnion,0.601391512273956,TU 60%,Lender seen in this state
Pennsylvania,PA,Navy Federal,0,No,0.1359209019322755,0.230477956482765,0.6336011415849593,TransUnion,0.6336011415849593,TU 63%,Estimated from other states
Pennsylvania,PA,Synchrony,2,No,0.0989069588444558,0.3465302077973353,0.5545628333582089,TransUnion,0.5545628333582089,TU 55%,Lender seen in this state
Pennsylvania,PA,U.S. Bank,4,No,0.1709522594706012,0.2593277611837318,0.569719979345667,TransUnion,0.569719979345667,TU 57%,Lender seen in this state
Pennsylvania,PA,Wells Fargo,4,No,0.2362592238662565,0.4422527415854244,0.321488034548319,Experian,0.4422527415854244,EX 44%,Lender seen in this state
Rhode Island,RI,American Express,0,No,0.0355296481282081,0.914474293830294,0.049996058041498,Experian,0.914474293830294,EX 91%,Estimated from other states
Rhode Island,RI,Apple Card,0,No,0.1462251012673677,0.1896360939086997,0.6641388048239324,TransUnion,0.6641388048239324,TU 66%,Estimated from other states
Rhode Island,RI,Bank of America,1,No,0.092301654693767,0.6417803247206434,0.2659180205855895,Experian,0.6417803247206434,EX 64%,Lender seen in this state
Rhode Island,RI,Barclays,0,No,0.11206102261909,0.2918794141918721,0.5960595631890379,TransUnion,0.5960595631890379,TU 60%,Estimated from other states
Rhode Island,RI,Capital One,0,No,0.3309752801726116,0.4368030745177663,0.232221645309622,Experian,0.4368030745177663,EX 44%,Estimated from other states
Rhode Island,RI,Chase,0,No,0.2934949110898688,0.4502617707210895,0.2562433181890416,Experian,0.4502617707210895,EX 45%,Estimated from other states
Rhode Island,RI,Citi,0,No,0.3839510293927098,0.5105248124852036,0.1055241581220865,Experian,0.5105248124852036,EX 51%,Estimated from other states
Rhode Island,RI,Comenity / Bread,0,No,0.3702124227821738,0.5082874852799263,0.1215000919378998,Experian,0.5082874852799263,EX 51%,Estimated from other states
Rhode Island,RI,Discover,0,No,0.2128590625389462,0.6685430599669904,0.1185978774940634,Experian,0.6685430599669904,EX 67%,Estimated from other states
Rhode Island,RI,Elan,0,No,0.2282276771670771,0.2812329750845511,0.4905393477483718,TransUnion,0.4905393477483718,TU 49%,Estimated from other states
Rhode Island,RI,Navy Federal,0,No,0.1830155944384021,0.2465666915880583,0.5704177139735396,TransUnion,0.5704177139735396,TU 57%,Estimated from other states
Rhode Island,RI,Synchrony,0,No,0.1417327529358158,0.3396318168293865,0.5186354302347977,TransUnion,0.5186354302347977,TU 52%,Estimated from other states
Rhode Island,RI,U.S. Bank,0,No,0.2859934255932299,0.2879514221227837,0.4260551522839863,TransUnion,0.4260551522839863,TU 43%,Estimated from other states
Rhode Island,RI,Wells Fargo,0,No,0.1983110911680257,0.5237960560726302,0.2778928527593441,Experian,0.5237960560726302,EX 52%,Estimated from other states
South Carolina,SC,American Express,7,Yes,0.0584190105054367,0.8829568896445379,0.0586240998500254,Experian,0.8829568896445379,EX 88%,Lender seen in this state
South Carolina,SC,Apple Card,1,Yes,0.187478924875093,0.102941756213311,0.709579318911596,TransUnion,0.709579318911596,TU 71%,Lender seen in this state
South Carolina,SC,Bank of America,5,Yes,0.1367818970886681,0.41034858155053,0.4528695213608017,TransUnion,0.4528695213608017,TU 45%,Lender seen in this state
South Carolina,SC,Barclays,0,Yes,0.1688084104636635,0.1818192468762528,0.6493723426600836,TransUnion,0.6493723426600836,TU 65%,Estimated from other states
South Carolina,SC,Capital One,0,Yes,0.4870525746330817,0.2658048254749346,0.2471425998919837,Equifax,0.4870525746330817,EQ 49%,Estimated from other states
South Carolina,SC,Chase,2,Yes,0.4556376392632003,0.2385116318580097,0.30585072887879,Equifax,0.4556376392632003,EQ 46%,Lender seen in this state
South Carolina,SC,Citi,2,Yes,0.6533162775486276,0.2481647680441609,0.0985189544072115,Equifax,0.6533162775486276,EQ 65%,Lender seen in this state
South Carolina,SC,Comenity / Bread,0,Yes,0.5539864911036011,0.3145245091124807,0.1314889997839182,Equifax,0.5539864911036011,EQ 55%,Estimated from other states
South Carolina,SC,Discover,1,Yes,0.3261576053648423,0.5349522678887486,0.138890126746409,Experian,0.5349522678887486,EX 53%,Lender seen in this state
South Carolina,SC,Elan,0,Yes,0.3263722679125248,0.1663060581074142,0.5073216739800609,TransUnion,0.5073216739800609,TU 51%,Estimated from other states
South Carolina,SC,Navy Federal,2,Yes,0.2961876931541618,0.1347790252047929,0.5690332816410453,TransUnion,0.5690332816410453,TU 57%,Lender seen in this state
South Carolina,SC,Synchrony,1,Yes,0.1948121850995219,0.1929650135004252,0.6122228014000528,TransUnion,0.6122228014000528,TU 61%,Lender seen in this state
South Carolina,SC,U.S. Bank,4,Yes,0.4417435110961902,0.1831179691165369,0.375138519787273,Equifax,0.4417435110961902,EQ 44%,Lender seen in this state
South Carolina,SC,Wells Fargo,1,Yes,0.2917292338446553,0.4129098350501569,0.2953609311051878,Experian,0.4129098350501569,EX 41%,Lender seen in this state
South Dakota,SD,American Express,0,Yes,0.0512331547934464,0.8890983943194704,0.0596684508870832,Experian,0.8890983943194704,EX 89%,Estimated from other states
South Dakota,SD,Apple Card,0,Yes,0.177508588380313,0.1552160302695927,0.6672753813500942,TransUnion,0.6672753813500942,TU 67%,Estimated from other states
South Dakota,SD,Bank of America,0,Yes,0.1309802680955657,0.5384290948510527,0.3305906370533816,Experian,0.5384290948510527,EX 54%,Estimated from other states
South Dakota,SD,Barclays,0,Yes,0.1396937781791033,0.2453262833010817,0.6149799385198149,TransUnion,0.6149799385198149,TU 61%,Estimated from other states
South Dakota,SD,Capital One,0,Yes,0.4047701352113446,0.3601776176395363,0.2350522471491191,Equifax,0.4047701352113446,EQ 40%,Estimated from other states
South Dakota,SD,Chase,0,Yes,0.3627143187930928,0.3751866106094496,0.2620990705974577,Experian,0.3751866106094496,EX 38%,Estimated from other states
South Dakota,SD,Citi,4,Yes,0.4162244189395431,0.4555380898778328,0.128237491182624,Experian,0.4555380898778328,EX 46%,Lender seen in this state
South Dakota,SD,Comenity / Bread,0,Yes,0.4550954265963939,0.4212879443996319,0.123616629003974,Equifax,0.4550954265963939,EQ 46%,Estimated from other states
South Dakota,SD,Discover,0,Yes,0.2794235338490566,0.5917228655340117,0.1288536006169317,Experian,0.5917228655340117,EX 59%,Estimated from other states
South Dakota,SD,Elan,0,Yes,0.2770275749642173,0.23016488293895,0.4928075420968326,TransUnion,0.4928075420968326,TU 49%,Estimated from other states
South Dakota,SD,Navy Federal,0,Yes,0.22281731970427,0.2024013421498869,0.5747813381458431,TransUnion,0.5747813381458431,TU 57%,Estimated from other states
South Dakota,SD,Synchrony,0,Yes,0.1771706598920064,0.286251703321946,0.5365776367860476,TransUnion,0.5365776367860476,TU 54%,Estimated from other states
South Dakota,SD,U.S. Bank,2,Yes,0.4674254587315376,0.1998693548228548,0.3327051864456075,Equifax,0.4674254587315376,EQ 47%,Lender seen in this state
South Dakota,SD,Wells Fargo,0,Yes,0.2537643296313498,0.4519224608356769,0.2943132095329733,Experian,0.4519224608356769,EX 45%,Estimated from other states
Tennessee,TN,American Express,7,Yes,0.039727194928716,0.9103443150297568,0.049928490041527,Experian,0.9103443150297568,EX 91%,Lender seen in this state
Tennessee,TN,Apple Card,0,Yes,0.1645053073413182,0.1466674742984214,0.6888272183602604,TransUnion,0.6888272183602604,TU 69%,Estimated from other states
Tennessee,TN,Bank of America,1,Yes,0.1170373659707456,0.5737934870417805,0.3091691469874739,Experian,0.5737934870417805,EX 57%,Lender seen in this state
Tennessee,TN,Barclays,0,Yes,0.1299650951101823,0.2327182500249825,0.6373166548648351,TransUnion,0.6373166548648351,TU 64%,Estimated from other states
Tennessee,TN,Capital One,0,Yes,0.3915222713791482,0.355223286932833,0.2532544416880188,Equifax,0.3915222713791482,EQ 39%,Estimated from other states
Tennessee,TN,Chase,3,Yes,0.3520984520296067,0.3580416378876413,0.2898599100827519,Experian,0.3580416378876413,EX 36%,Lender seen in this state
Tennessee,TN,Citi,9,Yes,0.5864752043293464,0.304387617608453,0.1091371780622005,Equifax,0.5864752043293464,EQ 59%,Lender seen in this state
Tennessee,TN,Comenity / Bread,0,Yes,0.4451492424655975,0.420164055885936,0.1346867016484665,Equifax,0.4451492424655975,EQ 45%,Estimated from other states
Tennessee,TN,Discover,0,Yes,0.2722674664677669,0.5878788267159826,0.1398537068162504,Experian,0.5878788267159826,EX 59%,Estimated from other states
Tennessee,TN,Elan,0,Yes,0.26118814282115,0.2212616859496696,0.5175501712291803,TransUnion,0.5175501712291803,TU 52%,Estimated from other states
Tennessee,TN,Navy Federal,0,Yes,0.2083503777976668,0.1929725040191697,0.5986771181831634,TransUnion,0.5986771181831634,TU 60%,Estimated from other states
Tennessee,TN,Synchrony,0,Yes,0.166087755139127,0.2736091328745113,0.5603031119863617,TransUnion,0.5603031119863617,TU 56%,Estimated from other states
Tennessee,TN,U.S. Bank,0,Yes,0.3262006393830356,0.2257890180944244,0.44801034252254,TransUnion,0.44801034252254,TU 45%,Estimated from other states
Tennessee,TN,Wells Fargo,1,Yes,0.229233537694284,0.3935408063223064,0.3772256559834095,Experian,0.3935408063223064,EX 39%,Lender seen in this state
Texas,TX,American Express,46,No,0.0270707001922008,0.9409712703185708,0.0319580294892284,Experian,0.9409712703185708,EX 94%,Lender seen in this state
Texas,TX,Apple Card,0,No,0.1529354442261859,0.2492011827791033,0.5978633729947108,TransUnion,0.5978633729947108,TU 60%,Estimated from other states
Texas,TX,Bank of America,25,No,0.0670522382399008,0.6076544635455046,0.3252932982145946,Experian,0.6076544635455046,EX 61%,Lender seen in this state
Texas,TX,Barclays,2,No,0.1043377685501189,0.3892660693631909,0.5063961620866901,TransUnion,0.5063961620866901,TU 51%,Lender seen in this state
Texas,TX,Capital One,3,No,0.3203909142208006,0.4665003962080901,0.2131086895711093,Experian,0.4665003962080901,EX 47%,Lender seen in this state
Texas,TX,Chase,6,No,0.2942772237867953,0.5163259571971884,0.1893968190160163,Experian,0.5163259571971884,EX 52%,Lender seen in this state
Texas,TX,Citi,46,No,0.3050005247134104,0.6276707162459583,0.0673287590406313,Experian,0.6276707162459583,EX 63%,Lender seen in this state
Texas,TX,Comenity / Bread,1,No,0.293446027052047,0.6184949171559445,0.0880590557920084,Experian,0.6184949171559445,EX 62%,Lender seen in this state
Texas,TX,Discover,2,No,0.1544051745088009,0.7681088602163366,0.0774859652748623,Experian,0.7681088602163366,EX 77%,Lender seen in this state
Texas,TX,Elan,0,No,0.2273652583418755,0.3520180361190833,0.420616705539041,TransUnion,0.420616705539041,TU 42%,Estimated from other states
Texas,TX,Navy Federal,2,No,0.1657712204891872,0.3405827366361906,0.4936460428746221,TransUnion,0.4936460428746221,TU 49%,Lender seen in this state
Texas,TX,Synchrony,4,No,0.1600246433326206,0.381631357261847,0.4583439994055322,TransUnion,0.4583439994055322,TU 46%,Lender seen in this state
Texas,TX,U.S. Bank,10,No,0.448836427361786,0.362994671731467,0.1881689009067468,Equifax,0.448836427361786,EQ 45%,Lender seen in this state
Texas,TX,Wells Fargo,16,No,0.1776571382142336,0.5025673245946164,0.31977553719115,Experian,0.5025673245946164,EX 50%,Lender seen in this state
Utah,UT,American Express,3,Yes,0.0278390830058654,0.8965687224772059,0.0755921945169288,Experian,0.8965687224772059,EX 90%,Lender seen in this state
Utah,UT,Apple Card,0,Yes,0.0861166209452553,0.1246646294239149,0.7892187496308297,TransUnion,0.7892187496308297,TU 79%,Estimated from other states
Utah,UT,Bank of America,0,Yes,0.0716391691460877,0.4875422453995544,0.4408185854543578,Experian,0.4875422453995544,EX 49%,Estimated from other states
Utah,UT,Barclays,0,Yes,0.0683055525961357,0.1985921571177996,0.7331022902860646,TransUnion,0.7331022902860646,TU 73%,Estimated from other states
Utah,UT,Capital One,0,Yes,0.2571433232523721,0.3788109983815858,0.364045678366042,Experian,0.3788109983815858,EX 38%,Estimated from other states
Utah,UT,Chase,1,Yes,0.2077160592652028,0.4432674601990908,0.3490164805357065,Experian,0.4432674601990908,EX 44%,Lender seen in this state
Utah,UT,Citi,2,Yes,0.2978744788686262,0.4071176401411436,0.2950078809902302,Experian,0.4071176401411436,EX 41%,Lender seen in this state
Utah,UT,Comenity / Bread,0,Yes,0.3130117167726526,0.4797071847153575,0.2072810985119897,Experian,0.4797071847153575,EX 48%,Estimated from other states
Utah,UT,Discover,0,Yes,0.1776168349399847,0.6226995701642803,0.199683594895735,Experian,0.6226995701642803,EX 62%,Estimated from other states
Utah,UT,Elan,0,Yes,0.1489784793871243,0.2049173200927082,0.6461042005201674,TransUnion,0.6461042005201674,TU 65%,Estimated from other states
Utah,UT,Navy Federal,0,Yes,0.113729412737905,0.171031579726651,0.7152390075354439,TransUnion,0.7152390075354439,TU 72%,Estimated from other states
Utah,UT,Synchrony,0,Yes,0.0904291694182941,0.241882187160292,0.6676886434214139,TransUnion,0.6676886434214139,TU 67%,Estimated from other states
Utah,UT,U.S. Bank,1,Yes,0.1776230859562119,0.1975586446156783,0.6248182694281098,TransUnion,0.6248182694281098,TU 62%,Lender seen in this state
Utah,UT,Wells Fargo,0,Yes,0.1475837617583278,0.4351219530812005,0.4172942851604718,Experian,0.4351219530812005,EX 44%,Estimated from other states
Vermont,VT,American Express,0,No,0.040304467920209,0.8828510886231842,0.0768444434566067,Experian,0.8828510886231842,EX 88%,Estimated from other states
Vermont,VT,Apple Card,0,No,0.1211003093460643,0.1336589337409849,0.7452407569129507,TransUnion,0.7452407569129507,TU 75%,Estimated from other states
Vermont,VT,Bank of America,0,No,0.09689359052295,0.5027513347390916,0.4003550747379583,Experian,0.5027513347390916,EX 50%,Estimated from other states
Vermont,VT,Barclays,0,No,0.0959361968608874,0.2126596290116775,0.6914041741274349,TransUnion,0.6914041741274349,TU 69%,Estimated from other states
Vermont,VT,Capital One,0,No,0.3253283478911358,0.3653976122900341,0.30927403981883,Experian,0.3653976122900341,EX 37%,Estimated from other states
Vermont,VT,Chase,1,No,0.2644525115941983,0.3351135069323213,0.4004339814734804,TransUnion,0.4004339814734804,TU 40%,Lender seen in this state
Vermont,VT,Citi,0,No,0.3993629203467294,0.4519209003246323,0.1487161793286382,Experian,0.4519209003246323,EX 45%,Estimated from other states
Vermont,VT,Comenity / Bread,0,No,0.3826831951499696,0.4471482030685842,0.170168601781446,Experian,0.4471482030685842,EX 45%,Estimated from other states
Vermont,VT,Discover,0,No,0.2258423530825198,0.6036654205821487,0.1704922263353315,Experian,0.6036654205821487,EX 60%,Estimated from other states
Vermont,VT,Elan,0,No,0.2015766316337179,0.2113935753338867,0.5870297930323953,TransUnion,0.5870297930323953,TU 59%,Estimated from other states
Vermont,VT,Navy Federal,0,No,0.1569969282150434,0.1800077218270117,0.6629953499579448,TransUnion,0.6629953499579448,TU 66%,Estimated from other states
Vermont,VT,Synchrony,0,No,0.1250414419728816,0.2550032926961922,0.6199552653309262,TransUnion,0.6199552653309262,TU 62%,Estimated from other states
Vermont,VT,U.S. Bank,0,No,0.2580410383142174,0.2211085966081923,0.5208503650775902,TransUnion,0.5208503650775902,TU 52%,Estimated from other states
Vermont,VT,Wells Fargo,0,No,0.1943065250884829,0.4367734933307264,0.3689199815807906,Experian,0.4367734933307264,EX 44%,Estimated from other states
Virginia,VA,American Express,9,Yes,0.1390305503172336,0.7253180109255173,0.1356514387572491,Experian,0.7253180109255173,EX 73%,Lender seen in this state
Virginia,VA,Apple Card,0,Yes,0.2087661533517691,0.1144473469008017,0.6767864997474292,TransUnion,0.6767864997474292,TU 68%,Estimated from other states
Virginia,VA,Bank of America,3,Yes,0.1408565537972448,0.5903811824208044,0.2687622637819509,Experian,0.5903811824208044,EX 59%,Lender seen in this state
Virginia,VA,Barclays,0,Yes,0.1695611860590615,0.186690363019633,0.6437484509213054,TransUnion,0.6437484509213054,TU 64%,Estimated from other states
Virginia,VA,Capital One,3,Yes,0.4476026890322464,0.2882421289461883,0.2641551820215653,Equifax,0.4476026890322464,EQ 45%,Lender seen in this state
Virginia,VA,Chase,6,Yes,0.4028622636830559,0.3031623637048547,0.2939753726120894,Equifax,0.4028622636830559,EQ 40%,Lender seen in this state
Virginia,VA,Citi,14,Yes,0.5841632434143422,0.3199928867695338,0.095843869816124,Equifax,0.5841632434143422,EQ 58%,Lender seen in this state
Virginia,VA,Comenity / Bread,0,Yes,0.551079433792811,0.3198300032656205,0.1290905629415684,Equifax,0.551079433792811,EQ 55%,Estimated from other states
Virginia,VA,Discover,1,Yes,0.3233524688499223,0.5408106566439805,0.1358368745060971,Experian,0.5408106566439805,EX 54%,Lender seen in this state
Virginia,VA,Elan,0,Yes,0.3273310330264497,0.1705028653850733,0.502166101588477,TransUnion,0.502166101588477,TU 50%,Estimated from other states
Virginia,VA,Navy Federal,1,Yes,0.2352802685191304,0.1377600379334825,0.626959693547387,TransUnion,0.626959693547387,TU 63%,Lender seen in this state
Virginia,VA,Synchrony,2,Yes,0.1943192230240114,0.2549738283414103,0.5507069486345783,TransUnion,0.5507069486345783,TU 55%,Lender seen in this state
Virginia,VA,U.S. Bank,1,Yes,0.463608583936869,0.1604522900689341,0.3759391259941969,Equifax,0.463608583936869,EQ 46%,Lender seen in this state
Virginia,VA,Wells Fargo,2,Yes,0.2711668099238191,0.2934239100284351,0.4354092800477457,TransUnion,0.4354092800477457,TU 44%,Lender seen in this state
Washington,WA,American Express,17,No,0.0339920191083431,0.9255210118628544,0.0404869690288023,Experian,0.9255210118628544,EX 93%,Lender seen in this state
Washington,WA,Apple Card,1,No,0.1277030876924785,0.1777752878308093,0.6945216244767121,TransUnion,0.6945216244767121,TU 69%,Lender seen in this state
Washington,WA,Bank of America,15,No,0.1408599137140543,0.574501273626244,0.2846388126597016,Experian,0.574501273626244,EX 57%,Lender seen in this state
Washington,WA,Barclays,0,No,0.1059370632973014,0.3004900832342576,0.5935728534684409,TransUnion,0.5935728534684409,TU 59%,Estimated from other states
Washington,WA,Capital One,2,No,0.3400797352149129,0.4571839155719209,0.2027363492131661,Experian,0.4571839155719209,EX 46%,Lender seen in this state
Washington,WA,Chase,6,No,0.2934024648431997,0.4905172533247998,0.2160802818320006,Experian,0.4905172533247998,EX 49%,Lender seen in this state
Washington,WA,Citi,21,No,0.399555108842955,0.4727258745011962,0.1277190166558489,Experian,0.4727258745011962,EX 47%,Lender seen in this state
Washington,WA,Comenity / Bread,0,No,0.3520026358025392,0.5263052163317555,0.1216921478657052,Experian,0.5263052163317555,EX 53%,Estimated from other states
Washington,WA,Discover,1,No,0.176708961080879,0.7182198083379919,0.1050712305811291,Experian,0.7182198083379919,EX 72%,Lender seen in this state
Washington,WA,Elan,2,No,0.1830522934447752,0.241799110300631,0.5751485962545938,TransUnion,0.5751485962545938,TU 58%,Lender seen in this state
Washington,WA,Navy Federal,1,No,0.1611525739243335,0.2356492114868708,0.6031982145887956,TransUnion,0.6031982145887956,TU 60%,Lender seen in this state
Washington,WA,Synchrony,3,No,0.1166741069485567,0.3450721530643952,0.5382537399870481,TransUnion,0.5382537399870481,TU 54%,Lender seen in this state
Washington,WA,U.S. Bank,4,No,0.2593163860620326,0.2221556090568828,0.5185280048810845,TransUnion,0.5185280048810845,TU 52%,Lender seen in this state
Washington,WA,Wells Fargo,3,No,0.2169164910917612,0.4870974753573951,0.2959860335508435,Experian,0.4870974753573951,EX 49%,Lender seen in this state
West Virginia,WV,American Express,0,No,0.0337189398010308,0.9304721930981557,0.0358088671008136,Experian,0.9304721930981557,EX 93%,Estimated from other states
West Virginia,WV,Apple Card,0,No,0.1718752575156233,0.2389798723385449,0.5891448701458317,TransUnion,0.5891448701458317,TU 59%,Estimated from other states
West Virginia,WV,Bank of America,1,No,0.094438517276032,0.695894320399793,0.2096671623241749,Experian,0.695894320399793,EX 70%,Lender seen in this state
West Virginia,WV,Barclays,0,No,0.1280934170477222,0.3577046520204058,0.5142019309318718,TransUnion,0.5142019309318718,TU 51%,Estimated from other states
West Virginia,WV,Capital One,0,No,0.3396209531787141,0.4805443740635633,0.1798346727577226,Experian,0.4805443740635633,EX 48%,Estimated from other states
West Virginia,WV,Chase,1,No,0.2710918959765827,0.5473546991774568,0.1815534048459604,Experian,0.5473546991774568,EX 55%,Lender seen in this state
West Virginia,WV,Citi,0,No,0.3797958976293354,0.5414273373860081,0.0787767649846564,Experian,0.5414273373860081,EX 54%,Estimated from other states
West Virginia,WV,Comenity / Bread,0,No,0.3676900396491937,0.5412391297791104,0.0910708305716959,Experian,0.5412391297791104,EX 54%,Estimated from other states
West Virginia,WV,Discover,0,No,0.20886313235381,0.7033118245413762,0.0878250431048137,Experian,0.7033118245413762,EX 70%,Estimated from other states
West Virginia,WV,Elan,1,No,0.3153334984198681,0.3109417061513374,0.3737247954287945,TransUnion,0.3737247954287945,TU 37%,Lender seen in this state
West Virginia,WV,Navy Federal,0,No,0.2084793083203714,0.3011328684922538,0.4903878231873746,TransUnion,0.4903878231873746,TU 49%,Estimated from other states
West Virginia,WV,Synchrony,0,No,0.1579590494893033,0.4058182277161756,0.4362227227945209,TransUnion,0.4362227227945209,TU 44%,Estimated from other states
West Virginia,WV,U.S. Bank,0,No,0.3121320653173338,0.3369383591598468,0.3509295755228193,TransUnion,0.3509295755228193,TU 35%,Estimated from other states
West Virginia,WV,Wells Fargo,1,No,0.1850194899539506,0.6202420238720655,0.1947384861739838,Experian,0.6202420238720655,EX 62%,Lender seen in this state
Wisconsin,WI,American Express,4,No,0.0363824010723253,0.91884582789163,0.0447717710360448,Experian,0.91884582789163,EX 92%,Lender seen in this state
Wisconsin,WI,Apple Card,0,No,0.1624881124247801,0.1813483500144122,0.6561635375608076,TransUnion,0.6561635375608076,TU 66%,Estimated from other states
Wisconsin,WI,Bank of America,1,No,0.1563423843740416,0.5426888880509895,0.300968727574969,Experian,0.5426888880509895,EX 54%,Lender seen in this state
Wisconsin,WI,Barclays,0,No,0.1254590780753649,0.2812185217077756,0.5933224002168593,TransUnion,0.5933224002168593,TU 59%,Estimated from other states
Wisconsin,WI,Capital One,0,No,0.3623749175893588,0.4115676226270238,0.2260574597836172,Experian,0.4115676226270238,EX 41%,Estimated from other states
Wisconsin,WI,Chase,2,No,0.3633092496093764,0.3496087712314074,0.2870819791592161,Equifax,0.3633092496093764,EQ 36%,Lender seen in this state
Wisconsin,WI,Citi,3,No,0.300174865062969,0.6131556263662631,0.0866695085707679,Experian,0.6131556263662631,EX 61%,Lender seen in this state
Wisconsin,WI,Comenity / Bread,0,No,0.4043109384256232,0.4777127853349258,0.1179762762394509,Experian,0.4777127853349258,EX 48%,Estimated from other states
Wisconsin,WI,Discover,0,No,0.2381927189649617,0.6438114053393187,0.1179958756957196,Experian,0.6438114053393187,EX 64%,Estimated from other states
Wisconsin,WI,Elan,0,No,0.2517975364440712,0.2670191150208205,0.4811833485351081,TransUnion,0.4811833485351081,TU 48%,Estimated from other states
Wisconsin,WI,Navy Federal,0,No,0.202816883147859,0.2351491211008961,0.5620339957512447,TransUnion,0.5620339957512447,TU 56%,Estimated from other states
Wisconsin,WI,Synchrony,0,No,0.1583365309878365,0.3265218254759003,0.5151416435362631,TransUnion,0.5151416435362631,TU 52%,Estimated from other states
Wisconsin,WI,U.S. Bank,0,No,0.3133804139962412,0.2715363478613821,0.4150832381423767,TransUnion,0.4150832381423767,TU 42%,Estimated from other states
Wisconsin,WI,Wells Fargo,0,No,0.221290448370077,0.5030032986614883,0.2757062529684347,Experian,0.5030032986614883,EX 50%,Estimated from other states
